approach,alerts_investigated,laundering_caught,pct_of_all_laundering
Random ordering,0,0.0,0.0
Random ordering,50,0.0,0.0
Random ordering,100,0.0,0.0
Random ordering,150,0.0,0.0
Random ordering,200,0.0,0.0
Random ordering,250,0.0,0.0
Random ordering,300,0.0,0.0
Random ordering,350,0.0,0.0
Random ordering,400,0.0,0.0
Random ordering,450,0.0,0.0
Random ordering,500,1.0,0.035248501938667604
Random ordering,550,1.0,0.035248501938667604
Random ordering,600,1.0,0.035248501938667604
Random ordering,650,1.0,0.035248501938667604
Random ordering,700,3.0,0.10574550581600281
Random ordering,750,3.0,0.10574550581600281
Random ordering,800,3.0,0.10574550581600281
Random ordering,850,3.0,0.10574550581600281
Random ordering,900,3.0,0.10574550581600281
Random ordering,950,3.0,0.10574550581600281
Random ordering,1000,3.0,0.10574550581600281
Random ordering,1050,3.0,0.10574550581600281
Random ordering,1100,3.0,0.10574550581600281
Random ordering,1150,3.0,0.10574550581600281
Random ordering,1200,3.0,0.10574550581600281
Random ordering,1250,3.0,0.10574550581600281
Random ordering,1300,3.0,0.10574550581600281
Random ordering,1350,3.0,0.10574550581600281
Random ordering,1400,3.0,0.10574550581600281
Random ordering,1450,3.0,0.10574550581600281
Random ordering,1500,3.0,0.10574550581600281
Random ordering,1550,3.0,0.10574550581600281
Random ordering,1600,3.0,0.10574550581600281
Random ordering,1650,3.0,0.10574550581600281
Random ordering,1700,3.0,0.10574550581600281
Random ordering,1750,3.0,0.10574550581600281
Random ordering,1800,3.0,0.10574550581600281
Random ordering,1850,3.0,0.10574550581600281
Random ordering,1900,3.0,0.10574550581600281
Random ordering,1950,4.0,0.14099400775467041
Random ordering,2000,4.0,0.14099400775467041
Random ordering,2050,4.0,0.14099400775467041
Random ordering,2100,4.0,0.14099400775467041
Random ordering,2150,4.0,0.14099400775467041
Random ordering,2200,4.0,0.14099400775467041
Random ordering,2250,4.0,0.14099400775467041
Random ordering,2300,4.0,0.14099400775467041
Random ordering,2350,4.0,0.14099400775467041
Random ordering,2400,4.0,0.14099400775467041
Random ordering,2450,4.0,0.14099400775467041
Random ordering,2500,4.0,0.14099400775467041
Random ordering,2550,4.0,0.14099400775467041
Random ordering,2600,4.0,0.14099400775467041
Random ordering,2650,4.0,0.14099400775467041
Random ordering,2700,4.0,0.14099400775467041
Random ordering,2750,4.0,0.14099400775467041
Random ordering,2800,5.0,0.17624250969333805
Random ordering,2850,5.0,0.17624250969333805
Random ordering,2900,5.0,0.17624250969333805
Random ordering,2950,5.0,0.17624250969333805
Random ordering,3000,5.0,0.17624250969333805
Random ordering,3050,5.0,0.17624250969333805
Random ordering,3100,5.0,0.17624250969333805
Random ordering,3150,5.0,0.17624250969333805
Random ordering,3200,5.0,0.17624250969333805
Random ordering,3250,5.0,0.17624250969333805
Random ordering,3300,5.0,0.17624250969333805
Random ordering,3350,5.0,0.17624250969333805
Random ordering,3400,5.0,0.17624250969333805
Random ordering,3450,5.0,0.17624250969333805
Random ordering,3500,5.0,0.17624250969333805
Random ordering,3550,5.0,0.17624250969333805
Random ordering,3600,6.0,0.21149101163200562
Random ordering,3650,6.0,0.21149101163200562
Random ordering,3700,6.0,0.21149101163200562
Random ordering,3750,6.0,0.21149101163200562
Random ordering,3800,6.0,0.21149101163200562
Random ordering,3850,6.0,0.21149101163200562
Random ordering,3900,6.0,0.21149101163200562
Random ordering,3950,6.0,0.21149101163200562
Random ordering,4000,6.0,0.21149101163200562
Random ordering,4050,6.0,0.21149101163200562
Random ordering,4100,6.0,0.21149101163200562
Random ordering,4150,6.0,0.21149101163200562
Random ordering,4200,6.0,0.21149101163200562
Random ordering,4250,6.0,0.21149101163200562
Random ordering,4300,6.0,0.21149101163200562
Random ordering,4350,6.0,0.21149101163200562
Random ordering,4400,6.0,0.21149101163200562
Random ordering,4450,6.0,0.21149101163200562
Random ordering,4500,6.0,0.21149101163200562
Random ordering,4550,6.0,0.21149101163200562
Random ordering,4600,6.0,0.21149101163200562
Random ordering,4650,6.0,0.21149101163200562
Random ordering,4700,6.0,0.21149101163200562
Random ordering,4750,6.0,0.21149101163200562
Random ordering,4800,6.0,0.21149101163200562
Random ordering,4850,6.0,0.21149101163200562
Random ordering,4900,6.0,0.21149101163200562
Random ordering,4950,6.0,0.21149101163200562
Random ordering,5000,6.0,0.21149101163200562
Random ordering,5050,6.0,0.21149101163200562
Random ordering,5100,7.0,0.24673951357067325
Random ordering,5150,7.0,0.24673951357067325
Random ordering,5200,7.0,0.24673951357067325
Random ordering,5250,7.0,0.24673951357067325
Random ordering,5300,7.0,0.24673951357067325
Random ordering,5350,7.0,0.24673951357067325
Random ordering,5400,7.0,0.24673951357067325
Random ordering,5450,7.0,0.24673951357067325
Random ordering,5500,7.0,0.24673951357067325
Random ordering,5550,7.0,0.24673951357067325
Random ordering,5600,7.0,0.24673951357067325
Random ordering,5650,7.0,0.24673951357067325
Random ordering,5700,7.0,0.24673951357067325
Random ordering,5750,7.0,0.24673951357067325
Random ordering,5800,7.0,0.24673951357067325
Random ordering,5850,8.0,0.28198801550934083
Random ordering,5900,8.0,0.28198801550934083
Random ordering,5950,8.0,0.28198801550934083
Random ordering,6000,8.0,0.28198801550934083
Random ordering,6050,8.0,0.28198801550934083
Random ordering,6100,8.0,0.28198801550934083
Random ordering,6150,8.0,0.28198801550934083
Random ordering,6200,8.0,0.28198801550934083
Random ordering,6250,8.0,0.28198801550934083
Random ordering,6300,8.0,0.28198801550934083
Random ordering,6350,8.0,0.28198801550934083
Random ordering,6400,8.0,0.28198801550934083
Random ordering,6450,8.0,0.28198801550934083
Random ordering,6500,8.0,0.28198801550934083
Random ordering,6550,8.0,0.28198801550934083
Random ordering,6600,9.0,0.31723651744800846
Random ordering,6650,9.0,0.31723651744800846
Random ordering,6700,9.0,0.31723651744800846
Random ordering,6750,9.0,0.31723651744800846
Random ordering,6800,9.0,0.31723651744800846
Random ordering,6850,9.0,0.31723651744800846
Random ordering,6900,9.0,0.31723651744800846
Random ordering,6950,9.0,0.31723651744800846
Random ordering,7000,9.0,0.31723651744800846
Random ordering,7050,9.0,0.31723651744800846
Random ordering,7100,9.0,0.31723651744800846
Random ordering,7150,9.0,0.31723651744800846
Random ordering,7200,9.0,0.31723651744800846
Random ordering,7250,9.0,0.31723651744800846
Random ordering,7300,9.0,0.31723651744800846
Random ordering,7350,9.0,0.31723651744800846
Random ordering,7400,9.0,0.31723651744800846
Random ordering,7450,9.0,0.31723651744800846
Random ordering,7500,9.0,0.31723651744800846
Random ordering,7550,9.0,0.31723651744800846
Random ordering,7600,9.0,0.31723651744800846
Random ordering,7650,9.0,0.31723651744800846
Random ordering,7700,9.0,0.31723651744800846
Random ordering,7750,9.0,0.31723651744800846
Random ordering,7800,9.0,0.31723651744800846
Random ordering,7850,9.0,0.31723651744800846
Random ordering,7900,9.0,0.31723651744800846
Random ordering,7950,9.0,0.31723651744800846
Random ordering,8000,9.0,0.31723651744800846
Random ordering,8050,9.0,0.31723651744800846
Random ordering,8100,9.0,0.31723651744800846
Random ordering,8150,9.0,0.31723651744800846
Random ordering,8200,9.0,0.31723651744800846
Random ordering,8250,9.0,0.31723651744800846
Random ordering,8300,9.0,0.31723651744800846
Random ordering,8350,9.0,0.31723651744800846
Random ordering,8400,10.0,0.3524850193866761
Random ordering,8450,10.0,0.3524850193866761
Random ordering,8500,10.0,0.3524850193866761
Random ordering,8550,10.0,0.3524850193866761
Random ordering,8600,10.0,0.3524850193866761
Random ordering,8650,10.0,0.3524850193866761
Random ordering,8700,10.0,0.3524850193866761
Random ordering,8750,10.0,0.3524850193866761
Random ordering,8800,10.0,0.3524850193866761
Random ordering,8850,11.0,0.38773352132534367
Random ordering,8900,11.0,0.38773352132534367
Random ordering,8950,11.0,0.38773352132534367
Random ordering,9000,11.0,0.38773352132534367
Random ordering,9050,11.0,0.38773352132534367
Random ordering,9100,11.0,0.38773352132534367
Random ordering,9150,11.0,0.38773352132534367
Random ordering,9200,11.0,0.38773352132534367
Random ordering,9250,11.0,0.38773352132534367
Random ordering,9300,11.0,0.38773352132534367
Random ordering,9350,11.0,0.38773352132534367
Random ordering,9400,11.0,0.38773352132534367
Random ordering,9450,11.0,0.38773352132534367
Random ordering,9500,11.0,0.38773352132534367
Random ordering,9550,11.0,0.38773352132534367
Random ordering,9600,11.0,0.38773352132534367
Random ordering,9650,11.0,0.38773352132534367
Random ordering,9700,11.0,0.38773352132534367
Random ordering,9750,11.0,0.38773352132534367
Random ordering,9800,11.0,0.38773352132534367
Random ordering,9850,11.0,0.38773352132534367
Random ordering,9900,11.0,0.38773352132534367
Random ordering,9950,11.0,0.38773352132534367
Random ordering,10000,11.0,0.38773352132534367
Random ordering,10050,11.0,0.38773352132534367
Random ordering,10100,11.0,0.38773352132534367
Random ordering,10150,11.0,0.38773352132534367
Random ordering,10200,11.0,0.38773352132534367
Random ordering,10250,11.0,0.38773352132534367
Random ordering,10300,11.0,0.38773352132534367
Random ordering,10350,11.0,0.38773352132534367
Random ordering,10400,11.0,0.38773352132534367
Random ordering,10450,11.0,0.38773352132534367
Random ordering,10500,11.0,0.38773352132534367
Random ordering,10550,11.0,0.38773352132534367
Random ordering,10600,11.0,0.38773352132534367
Random ordering,10650,11.0,0.38773352132534367
Random ordering,10700,11.0,0.38773352132534367
Random ordering,10750,11.0,0.38773352132534367
Random ordering,10800,11.0,0.38773352132534367
Random ordering,10850,11.0,0.38773352132534367
Random ordering,10900,11.0,0.38773352132534367
Random ordering,10950,11.0,0.38773352132534367
Random ordering,11000,11.0,0.38773352132534367
Random ordering,11050,11.0,0.38773352132534367
Random ordering,11100,11.0,0.38773352132534367
Random ordering,11150,11.0,0.38773352132534367
Random ordering,11200,11.0,0.38773352132534367
Random ordering,11250,11.0,0.38773352132534367
Random ordering,11300,11.0,0.38773352132534367
Random ordering,11350,11.0,0.38773352132534367
Random ordering,11400,11.0,0.38773352132534367
Random ordering,11450,11.0,0.38773352132534367
Random ordering,11500,11.0,0.38773352132534367
Random ordering,11550,12.0,0.42298202326401124
Random ordering,11600,12.0,0.42298202326401124
Random ordering,11650,12.0,0.42298202326401124
Random ordering,11700,13.0,0.45823052520267893
Random ordering,11750,13.0,0.45823052520267893
Random ordering,11800,13.0,0.45823052520267893
Random ordering,11850,13.0,0.45823052520267893
Random ordering,11900,13.0,0.45823052520267893
Random ordering,11950,13.0,0.45823052520267893
Random ordering,12000,13.0,0.45823052520267893
Random ordering,12050,13.0,0.45823052520267893
Random ordering,12100,13.0,0.45823052520267893
Random ordering,12150,13.0,0.45823052520267893
Random ordering,12200,13.0,0.45823052520267893
Random ordering,12250,13.0,0.45823052520267893
Random ordering,12300,13.0,0.45823052520267893
Random ordering,12350,13.0,0.45823052520267893
Random ordering,12400,13.0,0.45823052520267893
Random ordering,12450,13.0,0.45823052520267893
Random ordering,12500,13.0,0.45823052520267893
Random ordering,12550,13.0,0.45823052520267893
Random ordering,12600,13.0,0.45823052520267893
Random ordering,12650,13.0,0.45823052520267893
Random ordering,12700,13.0,0.45823052520267893
Random ordering,12750,13.0,0.45823052520267893
Random ordering,12800,13.0,0.45823052520267893
Random ordering,12850,13.0,0.45823052520267893
Random ordering,12900,13.0,0.45823052520267893
Random ordering,12950,13.0,0.45823052520267893
Random ordering,13000,13.0,0.45823052520267893
Random ordering,13050,13.0,0.45823052520267893
Random ordering,13100,13.0,0.45823052520267893
Random ordering,13150,13.0,0.45823052520267893
Random ordering,13200,13.0,0.45823052520267893
Random ordering,13250,13.0,0.45823052520267893
Random ordering,13300,13.0,0.45823052520267893
Random ordering,13350,13.0,0.45823052520267893
Random ordering,13400,13.0,0.45823052520267893
Random ordering,13450,13.0,0.45823052520267893
Random ordering,13500,13.0,0.45823052520267893
Random ordering,13550,13.0,0.45823052520267893
Random ordering,13600,13.0,0.45823052520267893
Random ordering,13650,13.0,0.45823052520267893
Random ordering,13700,13.0,0.45823052520267893
Random ordering,13750,13.0,0.45823052520267893
Random ordering,13800,13.0,0.45823052520267893
Random ordering,13850,13.0,0.45823052520267893
Random ordering,13900,13.0,0.45823052520267893
Random ordering,13950,13.0,0.45823052520267893
Random ordering,14000,13.0,0.45823052520267893
Random ordering,14050,13.0,0.45823052520267893
Random ordering,14100,13.0,0.45823052520267893
Random ordering,14150,13.0,0.45823052520267893
Random ordering,14200,13.0,0.45823052520267893
Random ordering,14250,13.0,0.45823052520267893
Random ordering,14300,13.0,0.45823052520267893
Random ordering,14350,13.0,0.45823052520267893
Random ordering,14400,13.0,0.45823052520267893
Random ordering,14450,13.0,0.45823052520267893
Random ordering,14500,13.0,0.45823052520267893
Random ordering,14550,13.0,0.45823052520267893
Random ordering,14600,13.0,0.45823052520267893
Random ordering,14650,13.0,0.45823052520267893
Random ordering,14700,13.0,0.45823052520267893
Random ordering,14750,13.0,0.45823052520267893
Random ordering,14800,13.0,0.45823052520267893
Random ordering,14850,13.0,0.45823052520267893
Random ordering,14900,13.0,0.45823052520267893
Random ordering,14950,13.0,0.45823052520267893
Random ordering,15000,13.0,0.45823052520267893
Random ordering,15050,13.0,0.45823052520267893
Random ordering,15100,13.0,0.45823052520267893
Random ordering,15150,13.0,0.45823052520267893
Random ordering,15200,13.0,0.45823052520267893
Random ordering,15250,13.0,0.45823052520267893
Random ordering,15300,13.0,0.45823052520267893
Random ordering,15350,13.0,0.45823052520267893
Random ordering,15400,13.0,0.45823052520267893
Random ordering,15450,13.0,0.45823052520267893
Random ordering,15500,13.0,0.45823052520267893
Random ordering,15550,13.0,0.45823052520267893
Random ordering,15600,13.0,0.45823052520267893
Random ordering,15650,13.0,0.45823052520267893
Random ordering,15700,13.0,0.45823052520267893
Random ordering,15750,13.0,0.45823052520267893
Random ordering,15800,13.0,0.45823052520267893
Random ordering,15850,13.0,0.45823052520267893
Random ordering,15900,13.0,0.45823052520267893
Random ordering,15950,13.0,0.45823052520267893
Random ordering,16000,14.0,0.4934790271413465
Random ordering,16050,14.0,0.4934790271413465
Random ordering,16100,14.0,0.4934790271413465
Random ordering,16150,14.0,0.4934790271413465
Random ordering,16200,14.0,0.4934790271413465
Random ordering,16250,14.0,0.4934790271413465
Random ordering,16300,14.0,0.4934790271413465
Random ordering,16350,14.0,0.4934790271413465
Random ordering,16400,14.0,0.4934790271413465
Random ordering,16450,14.0,0.4934790271413465
Random ordering,16500,14.0,0.4934790271413465
Random ordering,16550,14.0,0.4934790271413465
Random ordering,16600,14.0,0.4934790271413465
Random ordering,16650,14.0,0.4934790271413465
Random ordering,16700,14.0,0.4934790271413465
Random ordering,16750,14.0,0.4934790271413465
Random ordering,16800,14.0,0.4934790271413465
Random ordering,16850,14.0,0.4934790271413465
Random ordering,16900,14.0,0.4934790271413465
Random ordering,16950,14.0,0.4934790271413465
Random ordering,17000,14.0,0.4934790271413465
Random ordering,17050,14.0,0.4934790271413465
Random ordering,17100,14.0,0.4934790271413465
Random ordering,17150,14.0,0.4934790271413465
Random ordering,17200,15.0,0.5287275290800141
Random ordering,17250,15.0,0.5287275290800141
Random ordering,17300,15.0,0.5287275290800141
Random ordering,17350,15.0,0.5287275290800141
Random ordering,17400,15.0,0.5287275290800141
Random ordering,17450,15.0,0.5287275290800141
Random ordering,17500,15.0,0.5287275290800141
Random ordering,17550,15.0,0.5287275290800141
Random ordering,17600,15.0,0.5287275290800141
Random ordering,17650,15.0,0.5287275290800141
Random ordering,17700,15.0,0.5287275290800141
Random ordering,17750,15.0,0.5287275290800141
Random ordering,17800,15.0,0.5287275290800141
Random ordering,17850,15.0,0.5287275290800141
Random ordering,17900,16.0,0.5639760310186817
Random ordering,17950,16.0,0.5639760310186817
Random ordering,18000,16.0,0.5639760310186817
Random ordering,18050,16.0,0.5639760310186817
Random ordering,18100,16.0,0.5639760310186817
Random ordering,18150,16.0,0.5639760310186817
Random ordering,18200,16.0,0.5639760310186817
Random ordering,18250,17.0,0.5992245329573492
Random ordering,18300,17.0,0.5992245329573492
Random ordering,18350,17.0,0.5992245329573492
Random ordering,18400,17.0,0.5992245329573492
Random ordering,18450,17.0,0.5992245329573492
Random ordering,18500,17.0,0.5992245329573492
Random ordering,18550,17.0,0.5992245329573492
Random ordering,18600,17.0,0.5992245329573492
Random ordering,18650,17.0,0.5992245329573492
Random ordering,18700,17.0,0.5992245329573492
Random ordering,18750,17.0,0.5992245329573492
Random ordering,18800,17.0,0.5992245329573492
Random ordering,18850,17.0,0.5992245329573492
Random ordering,18900,17.0,0.5992245329573492
Random ordering,18950,17.0,0.5992245329573492
Random ordering,19000,17.0,0.5992245329573492
Random ordering,19050,17.0,0.5992245329573492
Random ordering,19100,17.0,0.5992245329573492
Random ordering,19150,17.0,0.5992245329573492
Random ordering,19200,17.0,0.5992245329573492
Random ordering,19250,17.0,0.5992245329573492
Random ordering,19300,17.0,0.5992245329573492
Random ordering,19350,17.0,0.5992245329573492
Random ordering,19400,17.0,0.5992245329573492
Random ordering,19450,17.0,0.5992245329573492
Random ordering,19500,17.0,0.5992245329573492
Random ordering,19550,17.0,0.5992245329573492
Random ordering,19600,18.0,0.6344730348960169
Random ordering,19650,18.0,0.6344730348960169
Random ordering,19700,18.0,0.6344730348960169
Random ordering,19750,18.0,0.6344730348960169
Random ordering,19800,18.0,0.6344730348960169
Random ordering,19850,18.0,0.6344730348960169
Random ordering,19900,18.0,0.6344730348960169
Random ordering,19950,18.0,0.6344730348960169
Random ordering,20000,18.0,0.6344730348960169
Random ordering,20050,18.0,0.6344730348960169
Random ordering,20100,18.0,0.6344730348960169
Random ordering,20150,18.0,0.6344730348960169
Random ordering,20200,18.0,0.6344730348960169
Random ordering,20250,18.0,0.6344730348960169
Random ordering,20300,19.0,0.6697215368346845
Random ordering,20350,19.0,0.6697215368346845
Random ordering,20400,19.0,0.6697215368346845
Random ordering,20450,19.0,0.6697215368346845
Random ordering,20500,19.0,0.6697215368346845
Random ordering,20550,19.0,0.6697215368346845
Random ordering,20600,19.0,0.6697215368346845
Random ordering,20650,19.0,0.6697215368346845
Random ordering,20700,19.0,0.6697215368346845
Random ordering,20750,19.0,0.6697215368346845
Random ordering,20800,19.0,0.6697215368346845
Random ordering,20850,19.0,0.6697215368346845
Random ordering,20900,19.0,0.6697215368346845
Random ordering,20950,19.0,0.6697215368346845
Random ordering,21000,19.0,0.6697215368346845
Random ordering,21050,19.0,0.6697215368346845
Random ordering,21100,19.0,0.6697215368346845
Random ordering,21150,19.0,0.6697215368346845
Random ordering,21200,19.0,0.6697215368346845
Random ordering,21250,19.0,0.6697215368346845
Random ordering,21300,19.0,0.6697215368346845
Random ordering,21350,19.0,0.6697215368346845
Random ordering,21400,19.0,0.6697215368346845
Random ordering,21450,19.0,0.6697215368346845
Random ordering,21500,19.0,0.6697215368346845
Random ordering,21550,19.0,0.6697215368346845
Random ordering,21600,19.0,0.6697215368346845
Random ordering,21650,19.0,0.6697215368346845
Random ordering,21700,19.0,0.6697215368346845
Random ordering,21750,19.0,0.6697215368346845
Random ordering,21800,19.0,0.6697215368346845
Random ordering,21850,19.0,0.6697215368346845
Random ordering,21900,19.0,0.6697215368346845
Random ordering,21950,19.0,0.6697215368346845
Random ordering,22000,19.0,0.6697215368346845
Random ordering,22050,19.0,0.6697215368346845
Random ordering,22100,19.0,0.6697215368346845
Random ordering,22150,19.0,0.6697215368346845
Random ordering,22200,19.0,0.6697215368346845
Random ordering,22250,19.0,0.6697215368346845
Random ordering,22300,19.0,0.6697215368346845
Random ordering,22350,20.0,0.7049700387733522
Random ordering,22400,20.0,0.7049700387733522
Random ordering,22450,20.0,0.7049700387733522
Random ordering,22500,20.0,0.7049700387733522
Random ordering,22550,20.0,0.7049700387733522
Random ordering,22600,20.0,0.7049700387733522
Random ordering,22650,20.0,0.7049700387733522
Random ordering,22700,20.0,0.7049700387733522
Random ordering,22750,20.0,0.7049700387733522
Random ordering,22800,20.0,0.7049700387733522
Random ordering,22850,20.0,0.7049700387733522
Random ordering,22900,20.0,0.7049700387733522
Random ordering,22950,20.0,0.7049700387733522
Random ordering,23000,20.0,0.7049700387733522
Random ordering,23050,20.0,0.7049700387733522
Random ordering,23100,20.0,0.7049700387733522
Random ordering,23150,20.0,0.7049700387733522
Random ordering,23200,20.0,0.7049700387733522
Random ordering,23250,20.0,0.7049700387733522
Random ordering,23300,20.0,0.7049700387733522
Random ordering,23350,20.0,0.7049700387733522
Random ordering,23400,20.0,0.7049700387733522
Random ordering,23450,20.0,0.7049700387733522
Random ordering,23500,20.0,0.7049700387733522
Random ordering,23550,20.0,0.7049700387733522
Random ordering,23600,20.0,0.7049700387733522
Random ordering,23650,20.0,0.7049700387733522
Random ordering,23700,20.0,0.7049700387733522
Random ordering,23750,20.0,0.7049700387733522
Random ordering,23800,21.0,0.7402185407120198
Random ordering,23850,21.0,0.7402185407120198
Random ordering,23900,21.0,0.7402185407120198
Random ordering,23950,21.0,0.7402185407120198
Random ordering,24000,21.0,0.7402185407120198
Random ordering,24050,21.0,0.7402185407120198
Random ordering,24100,21.0,0.7402185407120198
Random ordering,24150,21.0,0.7402185407120198
Random ordering,24200,21.0,0.7402185407120198
Random ordering,24250,21.0,0.7402185407120198
Random ordering,24300,21.0,0.7402185407120198
Random ordering,24350,21.0,0.7402185407120198
Random ordering,24400,21.0,0.7402185407120198
Random ordering,24450,21.0,0.7402185407120198
Random ordering,24500,22.0,0.7754670426506873
Random ordering,24550,22.0,0.7754670426506873
Random ordering,24600,22.0,0.7754670426506873
Random ordering,24650,22.0,0.7754670426506873
Random ordering,24700,22.0,0.7754670426506873
Random ordering,24750,23.0,0.8107155445893549
Random ordering,24800,24.0,0.8459640465280225
Random ordering,24850,24.0,0.8459640465280225
Random ordering,24900,24.0,0.8459640465280225
Random ordering,24950,24.0,0.8459640465280225
Random ordering,25000,24.0,0.8459640465280225
Amount-only ranking,0,0.0,0.0
Amount-only ranking,50,15.0,0.5287275290800141
Amount-only ranking,100,15.0,0.5287275290800141
Amount-only ranking,150,15.0,0.5287275290800141
Amount-only ranking,200,16.0,0.5639760310186817
Amount-only ranking,250,16.0,0.5639760310186817
Amount-only ranking,300,16.0,0.5639760310186817
Amount-only ranking,350,17.0,0.5992245329573492
Amount-only ranking,400,17.0,0.5992245329573492
Amount-only ranking,450,18.0,0.6344730348960169
Amount-only ranking,500,19.0,0.6697215368346845
Amount-only ranking,550,20.0,0.7049700387733522
Amount-only ranking,600,21.0,0.7402185407120198
Amount-only ranking,650,21.0,0.7402185407120198
Amount-only ranking,700,21.0,0.7402185407120198
Amount-only ranking,750,21.0,0.7402185407120198
Amount-only ranking,800,21.0,0.7402185407120198
Amount-only ranking,850,22.0,0.7754670426506873
Amount-only ranking,900,23.0,0.8107155445893549
Amount-only ranking,950,23.0,0.8107155445893549
Amount-only ranking,1000,23.0,0.8107155445893549
Amount-only ranking,1050,23.0,0.8107155445893549
Amount-only ranking,1100,23.0,0.8107155445893549
Amount-only ranking,1150,23.0,0.8107155445893549
Amount-only ranking,1200,23.0,0.8107155445893549
Amount-only ranking,1250,23.0,0.8107155445893549
Amount-only ranking,1300,23.0,0.8107155445893549
Amount-only ranking,1350,23.0,0.8107155445893549
Amount-only ranking,1400,23.0,0.8107155445893549
Amount-only ranking,1450,23.0,0.8107155445893549
Amount-only ranking,1500,23.0,0.8107155445893549
Amount-only ranking,1550,25.0,0.8812125484666901
Amount-only ranking,1600,25.0,0.8812125484666901
Amount-only ranking,1650,25.0,0.8812125484666901
Amount-only ranking,1700,25.0,0.8812125484666901
Amount-only ranking,1750,27.0,0.9517095523440254
Amount-only ranking,1800,27.0,0.9517095523440254
Amount-only ranking,1850,27.0,0.9517095523440254
Amount-only ranking,1900,27.0,0.9517095523440254
Amount-only ranking,1950,27.0,0.9517095523440254
Amount-only ranking,2000,27.0,0.9517095523440254
Amount-only ranking,2050,27.0,0.9517095523440254
Amount-only ranking,2100,27.0,0.9517095523440254
Amount-only ranking,2150,27.0,0.9517095523440254
Amount-only ranking,2200,27.0,0.9517095523440254
Amount-only ranking,2250,27.0,0.9517095523440254
Amount-only ranking,2300,27.0,0.9517095523440254
Amount-only ranking,2350,27.0,0.9517095523440254
Amount-only ranking,2400,28.0,0.986958054282693
Amount-only ranking,2450,29.0,1.0222065562213607
Amount-only ranking,2500,29.0,1.0222065562213607
Amount-only ranking,2550,30.0,1.0574550581600282
Amount-only ranking,2600,30.0,1.0574550581600282
Amount-only ranking,2650,30.0,1.0574550581600282
Amount-only ranking,2700,30.0,1.0574550581600282
Amount-only ranking,2750,31.0,1.0927035600986958
Amount-only ranking,2800,31.0,1.0927035600986958
Amount-only ranking,2850,31.0,1.0927035600986958
Amount-only ranking,2900,31.0,1.0927035600986958
Amount-only ranking,2950,31.0,1.0927035600986958
Amount-only ranking,3000,31.0,1.0927035600986958
Amount-only ranking,3050,31.0,1.0927035600986958
Amount-only ranking,3100,32.0,1.1279520620373633
Amount-only ranking,3150,32.0,1.1279520620373633
Amount-only ranking,3200,32.0,1.1279520620373633
Amount-only ranking,3250,32.0,1.1279520620373633
Amount-only ranking,3300,32.0,1.1279520620373633
Amount-only ranking,3350,32.0,1.1279520620373633
Amount-only ranking,3400,33.0,1.163200563976031
Amount-only ranking,3450,33.0,1.163200563976031
Amount-only ranking,3500,33.0,1.163200563976031
Amount-only ranking,3550,33.0,1.163200563976031
Amount-only ranking,3600,34.0,1.1984490659146985
Amount-only ranking,3650,35.0,1.2336975678533662
Amount-only ranking,3700,36.0,1.2689460697920338
Amount-only ranking,3750,37.0,1.3041945717307015
Amount-only ranking,3800,38.0,1.339443073669369
Amount-only ranking,3850,38.0,1.339443073669369
Amount-only ranking,3900,38.0,1.339443073669369
Amount-only ranking,3950,38.0,1.339443073669369
Amount-only ranking,4000,39.0,1.3746915756080367
Amount-only ranking,4050,39.0,1.3746915756080367
Amount-only ranking,4100,39.0,1.3746915756080367
Amount-only ranking,4150,39.0,1.3746915756080367
Amount-only ranking,4200,39.0,1.3746915756080367
Amount-only ranking,4250,39.0,1.3746915756080367
Amount-only ranking,4300,40.0,1.4099400775467044
Amount-only ranking,4350,40.0,1.4099400775467044
Amount-only ranking,4400,40.0,1.4099400775467044
Amount-only ranking,4450,41.0,1.4451885794853718
Amount-only ranking,4500,42.0,1.4804370814240395
Amount-only ranking,4550,42.0,1.4804370814240395
Amount-only ranking,4600,42.0,1.4804370814240395
Amount-only ranking,4650,42.0,1.4804370814240395
Amount-only ranking,4700,43.0,1.515685583362707
Amount-only ranking,4750,45.0,1.5861825872400421
Amount-only ranking,4800,45.0,1.5861825872400421
Amount-only ranking,4850,45.0,1.5861825872400421
Amount-only ranking,4900,45.0,1.5861825872400421
Amount-only ranking,4950,45.0,1.5861825872400421
Amount-only ranking,5000,45.0,1.5861825872400421
Amount-only ranking,5050,45.0,1.5861825872400421
Amount-only ranking,5100,45.0,1.5861825872400421
Amount-only ranking,5150,45.0,1.5861825872400421
Amount-only ranking,5200,46.0,1.6214310891787098
Amount-only ranking,5250,49.0,1.7271765949947127
Amount-only ranking,5300,49.0,1.7271765949947127
Amount-only ranking,5350,49.0,1.7271765949947127
Amount-only ranking,5400,49.0,1.7271765949947127
Amount-only ranking,5450,50.0,1.7624250969333801
Amount-only ranking,5500,50.0,1.7624250969333801
Amount-only ranking,5550,52.0,1.8329221008107157
Amount-only ranking,5600,52.0,1.8329221008107157
Amount-only ranking,5650,52.0,1.8329221008107157
Amount-only ranking,5700,52.0,1.8329221008107157
Amount-only ranking,5750,52.0,1.8329221008107157
Amount-only ranking,5800,52.0,1.8329221008107157
Amount-only ranking,5850,54.0,1.9034191046880509
Amount-only ranking,5900,54.0,1.9034191046880509
Amount-only ranking,5950,54.0,1.9034191046880509
Amount-only ranking,6000,54.0,1.9034191046880509
Amount-only ranking,6050,55.0,1.9386676066267186
Amount-only ranking,6100,55.0,1.9386676066267186
Amount-only ranking,6150,55.0,1.9386676066267186
Amount-only ranking,6200,55.0,1.9386676066267186
Amount-only ranking,6250,55.0,1.9386676066267186
Amount-only ranking,6300,55.0,1.9386676066267186
Amount-only ranking,6350,55.0,1.9386676066267186
Amount-only ranking,6400,55.0,1.9386676066267186
Amount-only ranking,6450,55.0,1.9386676066267186
Amount-only ranking,6500,55.0,1.9386676066267186
Amount-only ranking,6550,55.0,1.9386676066267186
Amount-only ranking,6600,55.0,1.9386676066267186
Amount-only ranking,6650,55.0,1.9386676066267186
Amount-only ranking,6700,55.0,1.9386676066267186
Amount-only ranking,6750,55.0,1.9386676066267186
Amount-only ranking,6800,56.0,1.973916108565386
Amount-only ranking,6850,56.0,1.973916108565386
Amount-only ranking,6900,56.0,1.973916108565386
Amount-only ranking,6950,56.0,1.973916108565386
Amount-only ranking,7000,56.0,1.973916108565386
Amount-only ranking,7050,57.0,2.0091646105040537
Amount-only ranking,7100,57.0,2.0091646105040537
Amount-only ranking,7150,57.0,2.0091646105040537
Amount-only ranking,7200,57.0,2.0091646105040537
Amount-only ranking,7250,57.0,2.0091646105040537
Amount-only ranking,7300,57.0,2.0091646105040537
Amount-only ranking,7350,57.0,2.0091646105040537
Amount-only ranking,7400,57.0,2.0091646105040537
Amount-only ranking,7450,57.0,2.0091646105040537
Amount-only ranking,7500,57.0,2.0091646105040537
Amount-only ranking,7550,57.0,2.0091646105040537
Amount-only ranking,7600,57.0,2.0091646105040537
Amount-only ranking,7650,57.0,2.0091646105040537
Amount-only ranking,7700,57.0,2.0091646105040537
Amount-only ranking,7750,57.0,2.0091646105040537
Amount-only ranking,7800,57.0,2.0091646105040537
Amount-only ranking,7850,57.0,2.0091646105040537
Amount-only ranking,7900,57.0,2.0091646105040537
Amount-only ranking,7950,57.0,2.0091646105040537
Amount-only ranking,8000,57.0,2.0091646105040537
Amount-only ranking,8050,57.0,2.0091646105040537
Amount-only ranking,8100,58.0,2.0444131124427214
Amount-only ranking,8150,58.0,2.0444131124427214
Amount-only ranking,8200,58.0,2.0444131124427214
Amount-only ranking,8250,58.0,2.0444131124427214
Amount-only ranking,8300,58.0,2.0444131124427214
Amount-only ranking,8350,58.0,2.0444131124427214
Amount-only ranking,8400,58.0,2.0444131124427214
Amount-only ranking,8450,58.0,2.0444131124427214
Amount-only ranking,8500,58.0,2.0444131124427214
Amount-only ranking,8550,58.0,2.0444131124427214
Amount-only ranking,8600,58.0,2.0444131124427214
Amount-only ranking,8650,58.0,2.0444131124427214
Amount-only ranking,8700,58.0,2.0444131124427214
Amount-only ranking,8750,58.0,2.0444131124427214
Amount-only ranking,8800,58.0,2.0444131124427214
Amount-only ranking,8850,59.0,2.0796616143813886
Amount-only ranking,8900,59.0,2.0796616143813886
Amount-only ranking,8950,59.0,2.0796616143813886
Amount-only ranking,9000,59.0,2.0796616143813886
Amount-only ranking,9050,59.0,2.0796616143813886
Amount-only ranking,9100,59.0,2.0796616143813886
Amount-only ranking,9150,59.0,2.0796616143813886
Amount-only ranking,9200,59.0,2.0796616143813886
Amount-only ranking,9250,59.0,2.0796616143813886
Amount-only ranking,9300,59.0,2.0796616143813886
Amount-only ranking,9350,59.0,2.0796616143813886
Amount-only ranking,9400,59.0,2.0796616143813886
Amount-only ranking,9450,59.0,2.0796616143813886
Amount-only ranking,9500,59.0,2.0796616143813886
Amount-only ranking,9550,59.0,2.0796616143813886
Amount-only ranking,9600,59.0,2.0796616143813886
Amount-only ranking,9650,59.0,2.0796616143813886
Amount-only ranking,9700,59.0,2.0796616143813886
Amount-only ranking,9750,59.0,2.0796616143813886
Amount-only ranking,9800,60.0,2.1149101163200563
Amount-only ranking,9850,60.0,2.1149101163200563
Amount-only ranking,9900,60.0,2.1149101163200563
Amount-only ranking,9950,60.0,2.1149101163200563
Amount-only ranking,10000,60.0,2.1149101163200563
Amount-only ranking,10050,60.0,2.1149101163200563
Amount-only ranking,10100,60.0,2.1149101163200563
Amount-only ranking,10150,60.0,2.1149101163200563
Amount-only ranking,10200,60.0,2.1149101163200563
Amount-only ranking,10250,60.0,2.1149101163200563
Amount-only ranking,10300,60.0,2.1149101163200563
Amount-only ranking,10350,60.0,2.1149101163200563
Amount-only ranking,10400,60.0,2.1149101163200563
Amount-only ranking,10450,61.0,2.150158618258724
Amount-only ranking,10500,61.0,2.150158618258724
Amount-only ranking,10550,61.0,2.150158618258724
Amount-only ranking,10600,61.0,2.150158618258724
Amount-only ranking,10650,61.0,2.150158618258724
Amount-only ranking,10700,61.0,2.150158618258724
Amount-only ranking,10750,61.0,2.150158618258724
Amount-only ranking,10800,61.0,2.150158618258724
Amount-only ranking,10850,61.0,2.150158618258724
Amount-only ranking,10900,61.0,2.150158618258724
Amount-only ranking,10950,61.0,2.150158618258724
Amount-only ranking,11000,61.0,2.150158618258724
Amount-only ranking,11050,61.0,2.150158618258724
Amount-only ranking,11100,61.0,2.150158618258724
Amount-only ranking,11150,61.0,2.150158618258724
Amount-only ranking,11200,61.0,2.150158618258724
Amount-only ranking,11250,61.0,2.150158618258724
Amount-only ranking,11300,61.0,2.150158618258724
Amount-only ranking,11350,61.0,2.150158618258724
Amount-only ranking,11400,61.0,2.150158618258724
Amount-only ranking,11450,62.0,2.1854071201973917
Amount-only ranking,11500,63.0,2.2206556221360594
Amount-only ranking,11550,63.0,2.2206556221360594
Amount-only ranking,11600,63.0,2.2206556221360594
Amount-only ranking,11650,63.0,2.2206556221360594
Amount-only ranking,11700,63.0,2.2206556221360594
Amount-only ranking,11750,63.0,2.2206556221360594
Amount-only ranking,11800,63.0,2.2206556221360594
Amount-only ranking,11850,63.0,2.2206556221360594
Amount-only ranking,11900,64.0,2.2559041240747266
Amount-only ranking,11950,64.0,2.2559041240747266
Amount-only ranking,12000,64.0,2.2559041240747266
Amount-only ranking,12050,64.0,2.2559041240747266
Amount-only ranking,12100,64.0,2.2559041240747266
Amount-only ranking,12150,64.0,2.2559041240747266
Amount-only ranking,12200,64.0,2.2559041240747266
Amount-only ranking,12250,64.0,2.2559041240747266
Amount-only ranking,12300,64.0,2.2559041240747266
Amount-only ranking,12350,64.0,2.2559041240747266
Amount-only ranking,12400,64.0,2.2559041240747266
Amount-only ranking,12450,64.0,2.2559041240747266
Amount-only ranking,12500,64.0,2.2559041240747266
Amount-only ranking,12550,64.0,2.2559041240747266
Amount-only ranking,12600,65.0,2.2911526260133943
Amount-only ranking,12650,65.0,2.2911526260133943
Amount-only ranking,12700,65.0,2.2911526260133943
Amount-only ranking,12750,65.0,2.2911526260133943
Amount-only ranking,12800,65.0,2.2911526260133943
Amount-only ranking,12850,65.0,2.2911526260133943
Amount-only ranking,12900,65.0,2.2911526260133943
Amount-only ranking,12950,65.0,2.2911526260133943
Amount-only ranking,13000,65.0,2.2911526260133943
Amount-only ranking,13050,65.0,2.2911526260133943
Amount-only ranking,13100,65.0,2.2911526260133943
Amount-only ranking,13150,65.0,2.2911526260133943
Amount-only ranking,13200,65.0,2.2911526260133943
Amount-only ranking,13250,65.0,2.2911526260133943
Amount-only ranking,13300,65.0,2.2911526260133943
Amount-only ranking,13350,65.0,2.2911526260133943
Amount-only ranking,13400,65.0,2.2911526260133943
Amount-only ranking,13450,65.0,2.2911526260133943
Amount-only ranking,13500,65.0,2.2911526260133943
Amount-only ranking,13550,65.0,2.2911526260133943
Amount-only ranking,13600,65.0,2.2911526260133943
Amount-only ranking,13650,65.0,2.2911526260133943
Amount-only ranking,13700,65.0,2.2911526260133943
Amount-only ranking,13750,65.0,2.2911526260133943
Amount-only ranking,13800,65.0,2.2911526260133943
Amount-only ranking,13850,66.0,2.326401127952062
Amount-only ranking,13900,66.0,2.326401127952062
Amount-only ranking,13950,66.0,2.326401127952062
Amount-only ranking,14000,66.0,2.326401127952062
Amount-only ranking,14050,66.0,2.326401127952062
Amount-only ranking,14100,66.0,2.326401127952062
Amount-only ranking,14150,66.0,2.326401127952062
Amount-only ranking,14200,66.0,2.326401127952062
Amount-only ranking,14250,66.0,2.326401127952062
Amount-only ranking,14300,66.0,2.326401127952062
Amount-only ranking,14350,66.0,2.326401127952062
Amount-only ranking,14400,66.0,2.326401127952062
Amount-only ranking,14450,66.0,2.326401127952062
Amount-only ranking,14500,66.0,2.326401127952062
Amount-only ranking,14550,66.0,2.326401127952062
Amount-only ranking,14600,66.0,2.326401127952062
Amount-only ranking,14650,66.0,2.326401127952062
Amount-only ranking,14700,66.0,2.326401127952062
Amount-only ranking,14750,67.0,2.3616496298907297
Amount-only ranking,14800,67.0,2.3616496298907297
Amount-only ranking,14850,68.0,2.396898131829397
Amount-only ranking,14900,68.0,2.396898131829397
Amount-only ranking,14950,69.0,2.4321466337680646
Amount-only ranking,15000,69.0,2.4321466337680646
Amount-only ranking,15050,69.0,2.4321466337680646
Amount-only ranking,15100,69.0,2.4321466337680646
Amount-only ranking,15150,70.0,2.4673951357067323
Amount-only ranking,15200,70.0,2.4673951357067323
Amount-only ranking,15250,71.0,2.5026436376454
Amount-only ranking,15300,71.0,2.5026436376454
Amount-only ranking,15350,71.0,2.5026436376454
Amount-only ranking,15400,71.0,2.5026436376454
Amount-only ranking,15450,71.0,2.5026436376454
Amount-only ranking,15500,71.0,2.5026436376454
Amount-only ranking,15550,71.0,2.5026436376454
Amount-only ranking,15600,71.0,2.5026436376454
Amount-only ranking,15650,73.0,2.5731406415227354
Amount-only ranking,15700,73.0,2.5731406415227354
Amount-only ranking,15750,73.0,2.5731406415227354
Amount-only ranking,15800,73.0,2.5731406415227354
Amount-only ranking,15850,73.0,2.5731406415227354
Amount-only ranking,15900,74.0,2.608389143461403
Amount-only ranking,15950,74.0,2.608389143461403
Amount-only ranking,16000,74.0,2.608389143461403
Amount-only ranking,16050,75.0,2.6436376454000707
Amount-only ranking,16100,75.0,2.6436376454000707
Amount-only ranking,16150,75.0,2.6436376454000707
Amount-only ranking,16200,75.0,2.6436376454000707
Amount-only ranking,16250,75.0,2.6436376454000707
Amount-only ranking,16300,75.0,2.6436376454000707
Amount-only ranking,16350,75.0,2.6436376454000707
Amount-only ranking,16400,75.0,2.6436376454000707
Amount-only ranking,16450,75.0,2.6436376454000707
Amount-only ranking,16500,75.0,2.6436376454000707
Amount-only ranking,16550,75.0,2.6436376454000707
Amount-only ranking,16600,75.0,2.6436376454000707
Amount-only ranking,16650,75.0,2.6436376454000707
Amount-only ranking,16700,75.0,2.6436376454000707
Amount-only ranking,16750,75.0,2.6436376454000707
Amount-only ranking,16800,75.0,2.6436376454000707
Amount-only ranking,16850,75.0,2.6436376454000707
Amount-only ranking,16900,75.0,2.6436376454000707
Amount-only ranking,16950,75.0,2.6436376454000707
Amount-only ranking,17000,75.0,2.6436376454000707
Amount-only ranking,17050,75.0,2.6436376454000707
Amount-only ranking,17100,75.0,2.6436376454000707
Amount-only ranking,17150,76.0,2.678886147338738
Amount-only ranking,17200,76.0,2.678886147338738
Amount-only ranking,17250,76.0,2.678886147338738
Amount-only ranking,17300,76.0,2.678886147338738
Amount-only ranking,17350,77.0,2.7141346492774057
Amount-only ranking,17400,77.0,2.7141346492774057
Amount-only ranking,17450,77.0,2.7141346492774057
Amount-only ranking,17500,77.0,2.7141346492774057
Amount-only ranking,17550,77.0,2.7141346492774057
Amount-only ranking,17600,77.0,2.7141346492774057
Amount-only ranking,17650,77.0,2.7141346492774057
Amount-only ranking,17700,77.0,2.7141346492774057
Amount-only ranking,17750,77.0,2.7141346492774057
Amount-only ranking,17800,78.0,2.7493831512160734
Amount-only ranking,17850,79.0,2.784631653154741
Amount-only ranking,17900,79.0,2.784631653154741
Amount-only ranking,17950,79.0,2.784631653154741
Amount-only ranking,18000,79.0,2.784631653154741
Amount-only ranking,18050,79.0,2.784631653154741
Amount-only ranking,18100,79.0,2.784631653154741
Amount-only ranking,18150,79.0,2.784631653154741
Amount-only ranking,18200,79.0,2.784631653154741
Amount-only ranking,18250,79.0,2.784631653154741
Amount-only ranking,18300,79.0,2.784631653154741
Amount-only ranking,18350,79.0,2.784631653154741
Amount-only ranking,18400,79.0,2.784631653154741
Amount-only ranking,18450,79.0,2.784631653154741
Amount-only ranking,18500,79.0,2.784631653154741
Amount-only ranking,18550,80.0,2.8198801550934087
Amount-only ranking,18600,80.0,2.8198801550934087
Amount-only ranking,18650,80.0,2.8198801550934087
Amount-only ranking,18700,80.0,2.8198801550934087
Amount-only ranking,18750,80.0,2.8198801550934087
Amount-only ranking,18800,80.0,2.8198801550934087
Amount-only ranking,18850,80.0,2.8198801550934087
Amount-only ranking,18900,80.0,2.8198801550934087
Amount-only ranking,18950,80.0,2.8198801550934087
Amount-only ranking,19000,80.0,2.8198801550934087
Amount-only ranking,19050,80.0,2.8198801550934087
Amount-only ranking,19100,80.0,2.8198801550934087
Amount-only ranking,19150,81.0,2.855128657032076
Amount-only ranking,19200,81.0,2.855128657032076
Amount-only ranking,19250,81.0,2.855128657032076
Amount-only ranking,19300,82.0,2.8903771589707437
Amount-only ranking,19350,82.0,2.8903771589707437
Amount-only ranking,19400,82.0,2.8903771589707437
Amount-only ranking,19450,82.0,2.8903771589707437
Amount-only ranking,19500,82.0,2.8903771589707437
Amount-only ranking,19550,82.0,2.8903771589707437
Amount-only ranking,19600,83.0,2.9256256609094113
Amount-only ranking,19650,83.0,2.9256256609094113
Amount-only ranking,19700,83.0,2.9256256609094113
Amount-only ranking,19750,83.0,2.9256256609094113
Amount-only ranking,19800,83.0,2.9256256609094113
Amount-only ranking,19850,83.0,2.9256256609094113
Amount-only ranking,19900,84.0,2.960874162848079
Amount-only ranking,19950,84.0,2.960874162848079
Amount-only ranking,20000,84.0,2.960874162848079
Amount-only ranking,20050,84.0,2.960874162848079
Amount-only ranking,20100,84.0,2.960874162848079
Amount-only ranking,20150,85.0,2.9961226647867467
Amount-only ranking,20200,85.0,2.9961226647867467
Amount-only ranking,20250,85.0,2.9961226647867467
Amount-only ranking,20300,85.0,2.9961226647867467
Amount-only ranking,20350,85.0,2.9961226647867467
Amount-only ranking,20400,85.0,2.9961226647867467
Amount-only ranking,20450,85.0,2.9961226647867467
Amount-only ranking,20500,85.0,2.9961226647867467
Amount-only ranking,20550,85.0,2.9961226647867467
Amount-only ranking,20600,85.0,2.9961226647867467
Amount-only ranking,20650,85.0,2.9961226647867467
Amount-only ranking,20700,86.0,3.031371166725414
Amount-only ranking,20750,86.0,3.031371166725414
Amount-only ranking,20800,86.0,3.031371166725414
Amount-only ranking,20850,86.0,3.031371166725414
Amount-only ranking,20900,86.0,3.031371166725414
Amount-only ranking,20950,86.0,3.031371166725414
Amount-only ranking,21000,86.0,3.031371166725414
Amount-only ranking,21050,86.0,3.031371166725414
Amount-only ranking,21100,86.0,3.031371166725414
Amount-only ranking,21150,86.0,3.031371166725414
Amount-only ranking,21200,86.0,3.031371166725414
Amount-only ranking,21250,86.0,3.031371166725414
Amount-only ranking,21300,86.0,3.031371166725414
Amount-only ranking,21350,86.0,3.031371166725414
Amount-only ranking,21400,86.0,3.031371166725414
Amount-only ranking,21450,86.0,3.031371166725414
Amount-only ranking,21500,86.0,3.031371166725414
Amount-only ranking,21550,86.0,3.031371166725414
Amount-only ranking,21600,87.0,3.0666196686640816
Amount-only ranking,21650,87.0,3.0666196686640816
Amount-only ranking,21700,88.0,3.1018681706027493
Amount-only ranking,21750,89.0,3.137116672541417
Amount-only ranking,21800,89.0,3.137116672541417
Amount-only ranking,21850,89.0,3.137116672541417
Amount-only ranking,21900,89.0,3.137116672541417
Amount-only ranking,21950,89.0,3.137116672541417
Amount-only ranking,22000,89.0,3.137116672541417
Amount-only ranking,22050,89.0,3.137116672541417
Amount-only ranking,22100,89.0,3.137116672541417
Amount-only ranking,22150,89.0,3.137116672541417
Amount-only ranking,22200,89.0,3.137116672541417
Amount-only ranking,22250,89.0,3.137116672541417
Amount-only ranking,22300,89.0,3.137116672541417
Amount-only ranking,22350,89.0,3.137116672541417
Amount-only ranking,22400,89.0,3.137116672541417
Amount-only ranking,22450,89.0,3.137116672541417
Amount-only ranking,22500,89.0,3.137116672541417
Amount-only ranking,22550,89.0,3.137116672541417
Amount-only ranking,22600,89.0,3.137116672541417
Amount-only ranking,22650,89.0,3.137116672541417
Amount-only ranking,22700,90.0,3.1723651744800843
Amount-only ranking,22750,90.0,3.1723651744800843
Amount-only ranking,22800,90.0,3.1723651744800843
Amount-only ranking,22850,91.0,3.2076136764187524
Amount-only ranking,22900,91.0,3.2076136764187524
Amount-only ranking,22950,91.0,3.2076136764187524
Amount-only ranking,23000,91.0,3.2076136764187524
Amount-only ranking,23050,91.0,3.2076136764187524
Amount-only ranking,23100,91.0,3.2076136764187524
Amount-only ranking,23150,91.0,3.2076136764187524
Amount-only ranking,23200,91.0,3.2076136764187524
Amount-only ranking,23250,91.0,3.2076136764187524
Amount-only ranking,23300,91.0,3.2076136764187524
Amount-only ranking,23350,91.0,3.2076136764187524
Amount-only ranking,23400,91.0,3.2076136764187524
Amount-only ranking,23450,91.0,3.2076136764187524
Amount-only ranking,23500,91.0,3.2076136764187524
Amount-only ranking,23550,91.0,3.2076136764187524
Amount-only ranking,23600,91.0,3.2076136764187524
Amount-only ranking,23650,91.0,3.2076136764187524
Amount-only ranking,23700,91.0,3.2076136764187524
Amount-only ranking,23750,91.0,3.2076136764187524
Amount-only ranking,23800,91.0,3.2076136764187524
Amount-only ranking,23850,91.0,3.2076136764187524
Amount-only ranking,23900,92.0,3.2428621783574196
Amount-only ranking,23950,92.0,3.2428621783574196
Amount-only ranking,24000,92.0,3.2428621783574196
Amount-only ranking,24050,92.0,3.2428621783574196
Amount-only ranking,24100,92.0,3.2428621783574196
Amount-only ranking,24150,92.0,3.2428621783574196
Amount-only ranking,24200,92.0,3.2428621783574196
Amount-only ranking,24250,92.0,3.2428621783574196
Amount-only ranking,24300,92.0,3.2428621783574196
Amount-only ranking,24350,92.0,3.2428621783574196
Amount-only ranking,24400,92.0,3.2428621783574196
Amount-only ranking,24450,92.0,3.2428621783574196
Amount-only ranking,24500,92.0,3.2428621783574196
Amount-only ranking,24550,92.0,3.2428621783574196
Amount-only ranking,24600,92.0,3.2428621783574196
Amount-only ranking,24650,92.0,3.2428621783574196
Amount-only ranking,24700,92.0,3.2428621783574196
Amount-only ranking,24750,92.0,3.2428621783574196
Amount-only ranking,24800,93.0,3.2781106802960878
Amount-only ranking,24850,93.0,3.2781106802960878
Amount-only ranking,24900,95.0,3.3486076841734227
Amount-only ranking,24950,95.0,3.3486076841734227
Amount-only ranking,25000,95.0,3.3486076841734227
Logistic regression,0,0.0,0.0
Logistic regression,50,50.0,1.7624250969333801
Logistic regression,100,100.0,3.5248501938667602
Logistic regression,150,136.0,4.793796263658794
Logistic regression,200,136.0,4.793796263658794
Logistic regression,250,137.0,4.829044765597462
Logistic regression,300,139.0,4.899541769474798
Logistic regression,350,140.0,4.934790271413465
Logistic regression,400,140.0,4.934790271413465
Logistic regression,450,140.0,4.934790271413465
Logistic regression,500,140.0,4.934790271413465
Logistic regression,550,142.0,5.0052872752908
Logistic regression,600,142.0,5.0052872752908
Logistic regression,650,142.0,5.0052872752908
Logistic regression,700,142.0,5.0052872752908
Logistic regression,750,142.0,5.0052872752908
Logistic regression,800,142.0,5.0052872752908
Logistic regression,850,142.0,5.0052872752908
Logistic regression,900,143.0,5.040535777229468
Logistic regression,950,143.0,5.040535777229468
Logistic regression,1000,144.0,5.075784279168135
Logistic regression,1050,144.0,5.075784279168135
Logistic regression,1100,144.0,5.075784279168135
Logistic regression,1150,144.0,5.075784279168135
Logistic regression,1200,144.0,5.075784279168135
Logistic regression,1250,145.0,5.111032781106803
Logistic regression,1300,145.0,5.111032781106803
Logistic regression,1350,146.0,5.146281283045471
Logistic regression,1400,146.0,5.146281283045471
Logistic regression,1450,146.0,5.146281283045471
Logistic regression,1500,147.0,5.181529784984138
Logistic regression,1550,147.0,5.181529784984138
Logistic regression,1600,148.0,5.216778286922806
Logistic regression,1650,149.0,5.252026788861473
Logistic regression,1700,149.0,5.252026788861473
Logistic regression,1750,150.0,5.2872752908001415
Logistic regression,1800,152.0,5.357772294677476
Logistic regression,1850,152.0,5.357772294677476
Logistic regression,1900,155.0,5.463517800493479
Logistic regression,1950,155.0,5.463517800493479
Logistic regression,2000,155.0,5.463517800493479
Logistic regression,2050,157.0,5.534014804370814
Logistic regression,2100,157.0,5.534014804370814
Logistic regression,2150,158.0,5.569263306309482
Logistic regression,2200,158.0,5.569263306309482
Logistic regression,2250,159.0,5.604511808248149
Logistic regression,2300,159.0,5.604511808248149
Logistic regression,2350,159.0,5.604511808248149
Logistic regression,2400,159.0,5.604511808248149
Logistic regression,2450,159.0,5.604511808248149
Logistic regression,2500,160.0,5.6397603101868174
Logistic regression,2550,161.0,5.675008812125484
Logistic regression,2600,161.0,5.675008812125484
Logistic regression,2650,161.0,5.675008812125484
Logistic regression,2700,161.0,5.675008812125484
Logistic regression,2750,162.0,5.710257314064152
Logistic regression,2800,162.0,5.710257314064152
Logistic regression,2850,163.0,5.74550581600282
Logistic regression,2900,164.0,5.780754317941487
Logistic regression,2950,165.0,5.816002819880155
Logistic regression,3000,166.0,5.851251321818823
Logistic regression,3050,166.0,5.851251321818823
Logistic regression,3100,166.0,5.851251321818823
Logistic regression,3150,167.0,5.88649982375749
Logistic regression,3200,167.0,5.88649982375749
Logistic regression,3250,168.0,5.921748325696158
Logistic regression,3300,169.0,5.956996827634826
Logistic regression,3350,169.0,5.956996827634826
Logistic regression,3400,169.0,5.956996827634826
Logistic regression,3450,169.0,5.956996827634826
Logistic regression,3500,170.0,5.992245329573493
Logistic regression,3550,170.0,5.992245329573493
Logistic regression,3600,170.0,5.992245329573493
Logistic regression,3650,170.0,5.992245329573493
Logistic regression,3700,170.0,5.992245329573493
Logistic regression,3750,171.0,6.027493831512161
Logistic regression,3800,171.0,6.027493831512161
Logistic regression,3850,171.0,6.027493831512161
Logistic regression,3900,171.0,6.027493831512161
Logistic regression,3950,173.0,6.0979908353894965
Logistic regression,4000,173.0,6.0979908353894965
Logistic regression,4050,176.0,6.203736341205499
Logistic regression,4100,176.0,6.203736341205499
Logistic regression,4150,177.0,6.238984843144166
Logistic regression,4200,177.0,6.238984843144166
Logistic regression,4250,177.0,6.238984843144166
Logistic regression,4300,178.0,6.274233345082834
Logistic regression,4350,180.0,6.3447303489601685
Logistic regression,4400,180.0,6.3447303489601685
Logistic regression,4450,180.0,6.3447303489601685
Logistic regression,4500,180.0,6.3447303489601685
Logistic regression,4550,180.0,6.3447303489601685
Logistic regression,4600,180.0,6.3447303489601685
Logistic regression,4650,180.0,6.3447303489601685
Logistic regression,4700,180.0,6.3447303489601685
Logistic regression,4750,181.0,6.379978850898836
Logistic regression,4800,182.0,6.415227352837505
Logistic regression,4850,182.0,6.415227352837505
Logistic regression,4900,182.0,6.415227352837505
Logistic regression,4950,183.0,6.4504758547761725
Logistic regression,5000,183.0,6.4504758547761725
Logistic regression,5050,183.0,6.4504758547761725
Logistic regression,5100,184.0,6.485724356714839
Logistic regression,5150,184.0,6.485724356714839
Logistic regression,5200,185.0,6.520972858653508
Logistic regression,5250,185.0,6.520972858653508
Logistic regression,5300,185.0,6.520972858653508
Logistic regression,5350,186.0,6.5562213605921755
Logistic regression,5400,186.0,6.5562213605921755
Logistic regression,5450,186.0,6.5562213605921755
Logistic regression,5500,189.0,6.661966866408179
Logistic regression,5550,189.0,6.661966866408179
Logistic regression,5600,189.0,6.661966866408179
Logistic regression,5650,190.0,6.697215368346845
Logistic regression,5700,191.0,6.732463870285513
Logistic regression,5750,193.0,6.8029608741628484
Logistic regression,5800,195.0,6.873457878040183
Logistic regression,5850,196.0,6.908706379978851
Logistic regression,5900,197.0,6.943954881917519
Logistic regression,5950,197.0,6.943954881917519
Logistic regression,6000,198.0,6.979203383856186
Logistic regression,6050,199.0,7.014451885794854
Logistic regression,6100,200.0,7.0497003877335205
Logistic regression,6150,200.0,7.0497003877335205
Logistic regression,6200,200.0,7.0497003877335205
Logistic regression,6250,201.0,7.084948889672189
Logistic regression,6300,201.0,7.084948889672189
Logistic regression,6350,204.0,7.190694395488191
Logistic regression,6400,205.0,7.22594289742686
Logistic regression,6450,205.0,7.22594289742686
Logistic regression,6500,206.0,7.261191399365527
Logistic regression,6550,208.0,7.331688403242863
Logistic regression,6600,208.0,7.331688403242863
Logistic regression,6650,208.0,7.331688403242863
Logistic regression,6700,208.0,7.331688403242863
Logistic regression,6750,209.0,7.36693690518153
Logistic regression,6800,209.0,7.36693690518153
Logistic regression,6850,209.0,7.36693690518153
Logistic regression,6900,210.0,7.402185407120197
Logistic regression,6950,211.0,7.437433909058864
Logistic regression,7000,213.0,7.5079309129362
Logistic regression,7050,215.0,7.578427916813535
Logistic regression,7100,215.0,7.578427916813535
Logistic regression,7150,215.0,7.578427916813535
Logistic regression,7200,217.0,7.648924920690871
Logistic regression,7250,218.0,7.684173422629538
Logistic regression,7300,219.0,7.719421924568206
Logistic regression,7350,219.0,7.719421924568206
Logistic regression,7400,219.0,7.719421924568206
Logistic regression,7450,219.0,7.719421924568206
Logistic regression,7500,220.0,7.754670426506874
Logistic regression,7550,220.0,7.754670426506874
Logistic regression,7600,224.0,7.895664434261544
Logistic regression,7650,226.0,7.966161438138879
Logistic regression,7700,227.0,8.001409940077547
Logistic regression,7750,228.0,8.036658442016215
Logistic regression,7800,228.0,8.036658442016215
Logistic regression,7850,228.0,8.036658442016215
Logistic regression,7900,230.0,8.107155445893548
Logistic regression,7950,232.0,8.177652449770886
Logistic regression,8000,232.0,8.177652449770886
Logistic regression,8050,232.0,8.177652449770886
Logistic regression,8100,233.0,8.212900951709551
Logistic regression,8150,233.0,8.212900951709551
Logistic regression,8200,234.0,8.24814945364822
Logistic regression,8250,234.0,8.24814945364822
Logistic regression,8300,235.0,8.283397955586889
Logistic regression,8350,235.0,8.283397955586889
Logistic regression,8400,236.0,8.318646457525555
Logistic regression,8450,236.0,8.318646457525555
Logistic regression,8500,237.0,8.353894959464222
Logistic regression,8550,237.0,8.353894959464222
Logistic regression,8600,239.0,8.424391963341558
Logistic regression,8650,241.0,8.494888967218893
Logistic regression,8700,241.0,8.494888967218893
Logistic regression,8750,242.0,8.53013746915756
Logistic regression,8800,242.0,8.53013746915756
Logistic regression,8850,242.0,8.53013746915756
Logistic regression,8900,242.0,8.53013746915756
Logistic regression,8950,242.0,8.53013746915756
Logistic regression,9000,244.0,8.600634473034896
Logistic regression,9050,244.0,8.600634473034896
Logistic regression,9100,244.0,8.600634473034896
Logistic regression,9150,244.0,8.600634473034896
Logistic regression,9200,246.0,8.671131476912231
Logistic regression,9250,247.0,8.706379978850899
Logistic regression,9300,248.0,8.741628480789567
Logistic regression,9350,251.0,8.84737398660557
Logistic regression,9400,253.0,8.917870990482903
Logistic regression,9450,254.0,8.953119492421573
Logistic regression,9500,255.0,8.98836799436024
Logistic regression,9550,256.0,9.023616496298906
Logistic regression,9600,257.0,9.058864998237574
Logistic regression,9650,257.0,9.058864998237574
Logistic regression,9700,257.0,9.058864998237574
Logistic regression,9750,257.0,9.058864998237574
Logistic regression,9800,258.0,9.094113500176244
Logistic regression,9850,259.0,9.12936200211491
Logistic regression,9900,260.0,9.164610504053577
Logistic regression,9950,261.0,9.199859005992245
Logistic regression,10000,263.0,9.27035600986958
Logistic regression,10050,264.0,9.305604511808248
Logistic regression,10100,265.0,9.340853013746916
Logistic regression,10150,266.0,9.376101515685583
Logistic regression,10200,267.0,9.411350017624251
Logistic regression,10250,269.0,9.481847021501586
Logistic regression,10300,270.0,9.517095523440254
Logistic regression,10350,271.0,9.552344025378922
Logistic regression,10400,272.0,9.587592527317588
Logistic regression,10450,275.0,9.693338033133593
Logistic regression,10500,275.0,9.693338033133593
Logistic regression,10550,276.0,9.728586535072258
Logistic regression,10600,278.0,9.799083538949596
Logistic regression,10650,278.0,9.799083538949596
Logistic regression,10700,278.0,9.799083538949596
Logistic regression,10750,278.0,9.799083538949596
Logistic regression,10800,279.0,9.834332040888262
Logistic regression,10850,279.0,9.834332040888262
Logistic regression,10900,279.0,9.834332040888262
Logistic regression,10950,279.0,9.834332040888262
Logistic regression,11000,280.0,9.86958054282693
Logistic regression,11050,280.0,9.86958054282693
Logistic regression,11100,282.0,9.940077546704265
Logistic regression,11150,284.0,10.0105745505816
Logistic regression,11200,284.0,10.0105745505816
Logistic regression,11250,285.0,10.045823052520268
Logistic regression,11300,285.0,10.045823052520268
Logistic regression,11350,286.0,10.081071554458935
Logistic regression,11400,286.0,10.081071554458935
Logistic regression,11450,286.0,10.081071554458935
Logistic regression,11500,286.0,10.081071554458935
Logistic regression,11550,287.0,10.116320056397603
Logistic regression,11600,287.0,10.116320056397603
Logistic regression,11650,288.0,10.15156855833627
Logistic regression,11700,288.0,10.15156855833627
Logistic regression,11750,290.0,10.222065562213606
Logistic regression,11800,290.0,10.222065562213606
Logistic regression,11850,291.0,10.257314064152274
Logistic regression,11900,292.0,10.292562566090941
Logistic regression,11950,297.0,10.46880507578428
Logistic regression,12000,299.0,10.539302079661613
Logistic regression,12050,301.0,10.609799083538949
Logistic regression,12100,302.0,10.645047585477617
Logistic regression,12150,304.0,10.715544589354952
Logistic regression,12200,305.0,10.75079309129362
Logistic regression,12250,305.0,10.75079309129362
Logistic regression,12300,307.0,10.821290095170957
Logistic regression,12350,308.0,10.856538597109623
Logistic regression,12400,308.0,10.856538597109623
Logistic regression,12450,308.0,10.856538597109623
Logistic regression,12500,308.0,10.856538597109623
Logistic regression,12550,308.0,10.856538597109623
Logistic regression,12600,311.0,10.962284102925626
Logistic regression,12650,311.0,10.962284102925626
Logistic regression,12700,312.0,10.997532604864293
Logistic regression,12750,312.0,10.997532604864293
Logistic regression,12800,313.0,11.032781106802961
Logistic regression,12850,313.0,11.032781106802961
Logistic regression,12900,313.0,11.032781106802961
Logistic regression,12950,313.0,11.032781106802961
Logistic regression,13000,315.0,11.103278110680296
Logistic regression,13050,316.0,11.138526612618964
Logistic regression,13100,317.0,11.173775114557632
Logistic regression,13150,319.0,11.244272118434967
Logistic regression,13200,320.0,11.279520620373635
Logistic regression,13250,320.0,11.279520620373635
Logistic regression,13300,320.0,11.279520620373635
Logistic regression,13350,321.0,11.3147691223123
Logistic regression,13400,321.0,11.3147691223123
Logistic regression,13450,321.0,11.3147691223123
Logistic regression,13500,323.0,11.385266126189638
Logistic regression,13550,324.0,11.420514628128304
Logistic regression,13600,324.0,11.420514628128304
Logistic regression,13650,325.0,11.455763130066972
Logistic regression,13700,326.0,11.49101163200564
Logistic regression,13750,327.0,11.526260133944307
Logistic regression,13800,328.0,11.561508635882975
Logistic regression,13850,328.0,11.561508635882975
Logistic regression,13900,330.0,11.63200563976031
Logistic regression,13950,330.0,11.63200563976031
Logistic regression,14000,331.0,11.667254141698978
Logistic regression,14050,332.0,11.702502643637645
Logistic regression,14100,332.0,11.702502643637645
Logistic regression,14150,332.0,11.702502643637645
Logistic regression,14200,332.0,11.702502643637645
Logistic regression,14250,333.0,11.737751145576313
Logistic regression,14300,334.0,11.77299964751498
Logistic regression,14350,334.0,11.77299964751498
Logistic regression,14400,335.0,11.808248149453648
Logistic regression,14450,337.0,11.878745153330982
Logistic regression,14500,338.0,11.913993655269651
Logistic regression,14550,338.0,11.913993655269651
Logistic regression,14600,339.0,11.94924215720832
Logistic regression,14650,340.0,11.984490659146987
Logistic regression,14700,340.0,11.984490659146987
Logistic regression,14750,342.0,12.054987663024322
Logistic regression,14800,342.0,12.054987663024322
Logistic regression,14850,343.0,12.09023616496299
Logistic regression,14900,343.0,12.09023616496299
Logistic regression,14950,345.0,12.160733168840324
Logistic regression,15000,346.0,12.195981670778993
Logistic regression,15050,346.0,12.195981670778993
Logistic regression,15100,346.0,12.195981670778993
Logistic regression,15150,348.0,12.266478674656327
Logistic regression,15200,348.0,12.266478674656327
Logistic regression,15250,348.0,12.266478674656327
Logistic regression,15300,349.0,12.301727176594996
Logistic regression,15350,351.0,12.37222418047233
Logistic regression,15400,351.0,12.37222418047233
Logistic regression,15450,352.0,12.407472682410997
Logistic regression,15500,353.0,12.442721184349665
Logistic regression,15550,357.0,12.583715192104336
Logistic regression,15600,357.0,12.583715192104336
Logistic regression,15650,358.0,12.618963694043003
Logistic regression,15700,359.0,12.654212195981671
Logistic regression,15750,359.0,12.654212195981671
Logistic regression,15800,359.0,12.654212195981671
Logistic regression,15850,360.0,12.689460697920337
Logistic regression,15900,362.0,12.759957701797672
Logistic regression,15950,362.0,12.759957701797672
Logistic regression,16000,364.0,12.83045470567501
Logistic regression,16050,366.0,12.900951709552345
Logistic regression,16100,367.0,12.93620021149101
Logistic regression,16150,367.0,12.93620021149101
Logistic regression,16200,369.0,13.006697215368346
Logistic regression,16250,370.0,13.041945717307016
Logistic regression,16300,372.0,13.112442721184351
Logistic regression,16350,373.0,13.147691223123017
Logistic regression,16400,373.0,13.147691223123017
Logistic regression,16450,373.0,13.147691223123017
Logistic regression,16500,374.0,13.182939725061685
Logistic regression,16550,375.0,13.218188227000352
Logistic regression,16600,375.0,13.218188227000352
Logistic regression,16650,376.0,13.25343672893902
Logistic regression,16700,378.0,13.323933732816357
Logistic regression,16750,378.0,13.323933732816357
Logistic regression,16800,378.0,13.323933732816357
Logistic regression,16850,378.0,13.323933732816357
Logistic regression,16900,382.0,13.464927740571026
Logistic regression,16950,382.0,13.464927740571026
Logistic regression,17000,382.0,13.464927740571026
Logistic regression,17050,386.0,13.605921748325697
Logistic regression,17100,386.0,13.605921748325697
Logistic regression,17150,387.0,13.641170250264365
Logistic regression,17200,388.0,13.676418752203032
Logistic regression,17250,390.0,13.746915756080366
Logistic regression,17300,392.0,13.817412759957701
Logistic regression,17350,393.0,13.85266126189637
Logistic regression,17400,393.0,13.85266126189637
Logistic regression,17450,395.0,13.923158265773704
Logistic regression,17500,398.0,14.028903771589707
Logistic regression,17550,398.0,14.028903771589707
Logistic regression,17600,398.0,14.028903771589707
Logistic regression,17650,398.0,14.028903771589707
Logistic regression,17700,398.0,14.028903771589707
Logistic regression,17750,398.0,14.028903771589707
Logistic regression,17800,399.0,14.064152273528375
Logistic regression,17850,399.0,14.064152273528375
Logistic regression,17900,399.0,14.064152273528375
Logistic regression,17950,400.0,14.099400775467041
Logistic regression,18000,402.0,14.169897779344378
Logistic regression,18050,402.0,14.169897779344378
Logistic regression,18100,403.0,14.205146281283046
Logistic regression,18150,403.0,14.205146281283046
Logistic regression,18200,405.0,14.275643285160381
Logistic regression,18250,407.0,14.346140289037715
Logistic regression,18300,407.0,14.346140289037715
Logistic regression,18350,409.0,14.416637292915052
Logistic regression,18400,409.0,14.416637292915052
Logistic regression,18450,409.0,14.416637292915052
Logistic regression,18500,409.0,14.416637292915052
Logistic regression,18550,411.0,14.487134296792387
Logistic regression,18600,412.0,14.522382798731053
Logistic regression,18650,414.0,14.592879802608389
Logistic regression,18700,414.0,14.592879802608389
Logistic regression,18750,415.0,14.628128304547056
Logistic regression,18800,415.0,14.628128304547056
Logistic regression,18850,415.0,14.628128304547056
Logistic regression,18900,416.0,14.663376806485726
Logistic regression,18950,416.0,14.663376806485726
Logistic regression,19000,417.0,14.698625308424393
Logistic regression,19050,417.0,14.698625308424393
Logistic regression,19100,418.0,14.73387381036306
Logistic regression,19150,419.0,14.769122312301727
Logistic regression,19200,419.0,14.769122312301727
Logistic regression,19250,420.0,14.804370814240395
Logistic regression,19300,422.0,14.874867818117728
Logistic regression,19350,422.0,14.874867818117728
Logistic regression,19400,425.0,14.980613323933733
Logistic regression,19450,426.0,15.0158618258724
Logistic regression,19500,426.0,15.0158618258724
Logistic regression,19550,426.0,15.0158618258724
Logistic regression,19600,426.0,15.0158618258724
Logistic regression,19650,428.0,15.086358829749734
Logistic regression,19700,429.0,15.121607331688402
Logistic regression,19750,429.0,15.121607331688402
Logistic regression,19800,429.0,15.121607331688402
Logistic regression,19850,430.0,15.15685583362707
Logistic regression,19900,430.0,15.15685583362707
Logistic regression,19950,430.0,15.15685583362707
Logistic regression,20000,431.0,15.19210433556574
Logistic regression,20050,431.0,15.19210433556574
Logistic regression,20100,432.0,15.227352837504407
Logistic regression,20150,434.0,15.297849841381742
Logistic regression,20200,435.0,15.333098343320408
Logistic regression,20250,436.0,15.368346845259076
Logistic regression,20300,436.0,15.368346845259076
Logistic regression,20350,436.0,15.368346845259076
Logistic regression,20400,436.0,15.368346845259076
Logistic regression,20450,437.0,15.403595347197744
Logistic regression,20500,438.0,15.438843849136411
Logistic regression,20550,438.0,15.438843849136411
Logistic regression,20600,439.0,15.47409235107508
Logistic regression,20650,441.0,15.544589354952414
Logistic regression,20700,442.0,15.579837856891082
Logistic regression,20750,443.0,15.61508635882975
Logistic regression,20800,443.0,15.61508635882975
Logistic regression,20850,443.0,15.61508635882975
Logistic regression,20900,443.0,15.61508635882975
Logistic regression,20950,445.0,15.685583362707083
Logistic regression,21000,447.0,15.75608036658442
Logistic regression,21050,450.0,15.861825872400424
Logistic regression,21100,451.0,15.89707437433909
Logistic regression,21150,452.0,15.932322876277757
Logistic regression,21200,452.0,15.932322876277757
Logistic regression,21250,452.0,15.932322876277757
Logistic regression,21300,454.0,16.002819880155094
Logistic regression,21350,456.0,16.07331688403243
Logistic regression,21400,456.0,16.07331688403243
Logistic regression,21450,458.0,16.143813887909765
Logistic regression,21500,458.0,16.143813887909765
Logistic regression,21550,460.0,16.214310891787097
Logistic regression,21600,460.0,16.214310891787097
Logistic regression,21650,460.0,16.214310891787097
Logistic regression,21700,461.0,16.249559393725765
Logistic regression,21750,462.0,16.284807895664436
Logistic regression,21800,462.0,16.284807895664436
Logistic regression,21850,462.0,16.284807895664436
Logistic regression,21900,462.0,16.284807895664436
Logistic regression,21950,463.0,16.320056397603103
Logistic regression,22000,464.0,16.35530489954177
Logistic regression,22050,464.0,16.35530489954177
Logistic regression,22100,466.0,16.425801903419103
Logistic regression,22150,466.0,16.425801903419103
Logistic regression,22200,467.0,16.46105040535777
Logistic regression,22250,467.0,16.46105040535777
Logistic regression,22300,468.0,16.49629890729644
Logistic regression,22350,468.0,16.49629890729644
Logistic regression,22400,469.0,16.531547409235106
Logistic regression,22450,471.0,16.602044413112445
Logistic regression,22500,475.0,16.743038420867112
Logistic regression,22550,475.0,16.743038420867112
Logistic regression,22600,476.0,16.77828692280578
Logistic regression,22650,477.0,16.81353542474445
Logistic regression,22700,477.0,16.81353542474445
Logistic regression,22750,477.0,16.81353542474445
Logistic regression,22800,478.0,16.848783926683115
Logistic regression,22850,478.0,16.848783926683115
Logistic regression,22900,478.0,16.848783926683115
Logistic regression,22950,479.0,16.884032428621783
Logistic regression,23000,480.0,16.91928093056045
Logistic regression,23050,480.0,16.91928093056045
Logistic regression,23100,481.0,16.95452943249912
Logistic regression,23150,481.0,16.95452943249912
Logistic regression,23200,481.0,16.95452943249912
Logistic regression,23250,482.0,16.989777934437786
Logistic regression,23300,483.0,17.025026436376454
Logistic regression,23350,483.0,17.025026436376454
Logistic regression,23400,483.0,17.025026436376454
Logistic regression,23450,484.0,17.06027493831512
Logistic regression,23500,484.0,17.06027493831512
Logistic regression,23550,485.0,17.09552344025379
Logistic regression,23600,485.0,17.09552344025379
Logistic regression,23650,486.0,17.130771942192457
Logistic regression,23700,487.0,17.166020444131124
Logistic regression,23750,487.0,17.166020444131124
Logistic regression,23800,487.0,17.166020444131124
Logistic regression,23850,487.0,17.166020444131124
Logistic regression,23900,488.0,17.201268946069792
Logistic regression,23950,488.0,17.201268946069792
Logistic regression,24000,492.0,17.342262953824463
Logistic regression,24050,495.0,17.448008459640466
Logistic regression,24100,496.0,17.483256961579134
Logistic regression,24150,498.0,17.55375396545647
Logistic regression,24200,498.0,17.55375396545647
Logistic regression,24250,498.0,17.55375396545647
Logistic regression,24300,498.0,17.55375396545647
Logistic regression,24350,499.0,17.589002467395133
Logistic regression,24400,499.0,17.589002467395133
Logistic regression,24450,499.0,17.589002467395133
Logistic regression,24500,499.0,17.589002467395133
Logistic regression,24550,500.0,17.624250969333804
Logistic regression,24600,501.0,17.659499471272472
Logistic regression,24650,501.0,17.659499471272472
Logistic regression,24700,502.0,17.69474797321114
Logistic regression,24750,503.0,17.729996475149807
Logistic regression,24800,503.0,17.729996475149807
Logistic regression,24850,503.0,17.729996475149807
Logistic regression,24900,503.0,17.729996475149807
Logistic regression,24950,503.0,17.729996475149807
Logistic regression,25000,504.0,17.765244977088475
Gradient-boosted model,0,0.0,0.0
Gradient-boosted model,50,50.0,1.7624250969333801
Gradient-boosted model,100,100.0,3.5248501938667602
Gradient-boosted model,150,150.0,5.2872752908001415
Gradient-boosted model,200,200.0,7.0497003877335205
Gradient-boosted model,250,250.0,8.812125484666902
Gradient-boosted model,300,300.0,10.574550581600283
Gradient-boosted model,350,350.0,12.336975678533662
Gradient-boosted model,400,400.0,14.099400775467041
Gradient-boosted model,450,450.0,15.861825872400424
Gradient-boosted model,500,500.0,17.624250969333804
Gradient-boosted model,550,550.0,19.386676066267185
Gradient-boosted model,600,600.0,21.149101163200566
Gradient-boosted model,650,650.0,22.911526260133943
Gradient-boosted model,700,700.0,24.673951357067324
Gradient-boosted model,750,750.0,26.436376454000705
Gradient-boosted model,800,800.0,28.198801550934082
Gradient-boosted model,850,850.0,29.961226647867466
Gradient-boosted model,900,900.0,31.723651744800847
Gradient-boosted model,950,950.0,33.486076841734224
Gradient-boosted model,1000,998.0,35.178004934790266
Gradient-boosted model,1050,1046.0,36.86993302784632
Gradient-boosted model,1100,1096.0,38.6323581247797
Gradient-boosted model,1150,1146.0,40.39478322171308
Gradient-boosted model,1200,1196.0,42.157208318646454
Gradient-boosted model,1250,1245.0,43.88438491364117
Gradient-boosted model,1300,1293.0,45.57631300669722
Gradient-boosted model,1350,1341.0,47.26824109975326
Gradient-boosted model,1400,1389.0,48.9601691928093
Gradient-boosted model,1450,1435.0,50.58160028198802
Gradient-boosted model,1500,1483.0,52.273528375044066
Gradient-boosted model,1550,1530.0,53.93020796616143
Gradient-boosted model,1600,1578.0,55.62213605921749
Gradient-boosted model,1650,1617.0,56.99682763482552
Gradient-boosted model,1700,1661.0,58.54776172012689
Gradient-boosted model,1750,1699.0,59.887204793796265
Gradient-boosted model,1800,1740.0,61.33239337328163
Gradient-boosted model,1850,1772.0,62.460345435319
Gradient-boosted model,1900,1806.0,63.65879450123369
Gradient-boosted model,1950,1836.0,64.71624955939373
Gradient-boosted model,2000,1869.0,65.87945012336975
Gradient-boosted model,2050,1894.0,66.76066267183644
Gradient-boosted model,2100,1917.0,67.5713782164258
Gradient-boosted model,2150,1944.0,68.52308776876983
Gradient-boosted model,2200,1966.0,69.29855481142052
Gradient-boosted model,2250,1983.0,69.89777934437787
Gradient-boosted model,2300,1995.0,70.32076136764186
Gradient-boosted model,2350,2011.0,70.88473739866056
Gradient-boosted model,2400,2021.0,71.23722241804722
Gradient-boosted model,2450,2035.0,71.73070144518859
Gradient-boosted model,2500,2047.0,72.15368346845258
Gradient-boosted model,2550,2057.0,72.50616848783926
Gradient-boosted model,2600,2066.0,72.82340500528728
Gradient-boosted model,2650,2077.0,73.21113852661261
Gradient-boosted model,2700,2083.0,73.42262953824462
Gradient-boosted model,2750,2090.0,73.66936905181531
Gradient-boosted model,2800,2102.0,74.0923510750793
Gradient-boosted model,2850,2112.0,74.44483609446598
Gradient-boosted model,2900,2125.0,74.90306661966866
Gradient-boosted model,2950,2133.0,75.185054635178
Gradient-boosted model,3000,2140.0,75.43179414874868
Gradient-boosted model,3050,2151.0,75.81952767007402
Gradient-boosted model,3100,2161.0,76.1720126894607
Gradient-boosted model,3150,2166.0,76.34825519915404
Gradient-boosted model,3200,2171.0,76.52449770884738
Gradient-boosted model,3250,2178.0,76.77123722241804
Gradient-boosted model,3300,2181.0,76.87698272823404
Gradient-boosted model,3350,2186.0,77.05322523792739
Gradient-boosted model,3400,2191.0,77.22946774762073
Gradient-boosted model,3450,2193.0,77.29996475149807
Gradient-boosted model,3500,2193.0,77.29996475149807
Gradient-boosted model,3550,2199.0,77.51145576313007
Gradient-boosted model,3600,2205.0,77.72294677476206
Gradient-boosted model,3650,2210.0,77.8991892844554
Gradient-boosted model,3700,2215.0,78.07543179414876
Gradient-boosted model,3750,2218.0,78.18117729996476
Gradient-boosted model,3800,2221.0,78.28692280578076
Gradient-boosted model,3850,2230.0,78.60415932322876
Gradient-boosted model,3900,2235.0,78.7804018329221
Gradient-boosted model,3950,2239.0,78.92139584067677
Gradient-boosted model,4000,2241.0,78.9918928445541
Gradient-boosted model,4050,2247.0,79.20338385618612
Gradient-boosted model,4100,2252.0,79.37962636587945
Gradient-boosted model,4150,2256.0,79.52062037363412
Gradient-boosted model,4200,2258.0,79.59111737751145
Gradient-boosted model,4250,2259.0,79.62636587945012
Gradient-boosted model,4300,2261.0,79.69686288332746
Gradient-boosted model,4350,2263.0,79.76735988720479
Gradient-boosted model,4400,2269.0,79.9788508988368
Gradient-boosted model,4450,2271.0,80.04934790271413
Gradient-boosted model,4500,2271.0,80.04934790271413
Gradient-boosted model,4550,2272.0,80.0845964046528
Gradient-boosted model,4600,2278.0,80.2960874162848
Gradient-boosted model,4650,2281.0,80.40183292210081
Gradient-boosted model,4700,2283.0,80.47232992597814
Gradient-boosted model,4750,2288.0,80.64857243567148
Gradient-boosted model,4800,2291.0,80.75431794148749
Gradient-boosted model,4850,2293.0,80.82481494536482
Gradient-boosted model,4900,2294.0,80.86006344730349
Gradient-boosted model,4950,2300.0,81.0715544589355
Gradient-boosted model,5000,2301.0,81.10680296087416
Gradient-boosted model,5050,2305.0,81.24779696862883
Gradient-boosted model,5100,2308.0,81.35354247444484
Gradient-boosted model,5150,2312.0,81.4945364821995
Gradient-boosted model,5200,2314.0,81.56503348607684
Gradient-boosted model,5250,2316.0,81.63553048995418
Gradient-boosted model,5300,2320.0,81.77652449770885
Gradient-boosted model,5350,2322.0,81.84702150158618
Gradient-boosted model,5400,2322.0,81.84702150158618
Gradient-boosted model,5450,2324.0,81.91751850546352
Gradient-boosted model,5500,2328.0,82.05851251321819
Gradient-boosted model,5550,2331.0,82.1642580190342
Gradient-boosted model,5600,2332.0,82.19950652097285
Gradient-boosted model,5650,2336.0,82.34050052872753
Gradient-boosted model,5700,2339.0,82.44624603454353
Gradient-boosted model,5750,2339.0,82.44624603454353
Gradient-boosted model,5800,2339.0,82.44624603454353
Gradient-boosted model,5850,2340.0,82.4814945364822
Gradient-boosted model,5900,2342.0,82.55199154035954
Gradient-boosted model,5950,2343.0,82.5872400422982
Gradient-boosted model,6000,2344.0,82.62248854423687
Gradient-boosted model,6050,2345.0,82.65773704617554
Gradient-boosted model,6100,2349.0,82.79873105393021
Gradient-boosted model,6150,2349.0,82.79873105393021
Gradient-boosted model,6200,2352.0,82.90447655974621
Gradient-boosted model,6250,2353.0,82.93972506168488
Gradient-boosted model,6300,2356.0,83.04547056750089
Gradient-boosted model,6350,2356.0,83.04547056750089
Gradient-boosted model,6400,2357.0,83.08071906943954
Gradient-boosted model,6450,2362.0,83.25696157913288
Gradient-boosted model,6500,2365.0,83.3627070849489
Gradient-boosted model,6550,2367.0,83.43320408882623
Gradient-boosted model,6600,2369.0,83.50370109270357
Gradient-boosted model,6650,2375.0,83.71519210433557
Gradient-boosted model,6700,2376.0,83.75044060627424
Gradient-boosted model,6750,2380.0,83.89143461402891
Gradient-boosted model,6800,2380.0,83.89143461402891
Gradient-boosted model,6850,2382.0,83.96193161790623
Gradient-boosted model,6900,2384.0,84.03242862178357
Gradient-boosted model,6950,2384.0,84.03242862178357
Gradient-boosted model,7000,2384.0,84.03242862178357
Gradient-boosted model,7050,2385.0,84.06767712372223
Gradient-boosted model,7100,2387.0,84.13817412759957
Gradient-boosted model,7150,2388.0,84.17342262953824
Gradient-boosted model,7200,2389.0,84.2086711314769
Gradient-boosted model,7250,2391.0,84.27916813535424
Gradient-boosted model,7300,2392.0,84.31441663729291
Gradient-boosted model,7350,2393.0,84.34966513923158
Gradient-boosted model,7400,2393.0,84.34966513923158
Gradient-boosted model,7450,2395.0,84.42016214310893
Gradient-boosted model,7500,2396.0,84.45541064504759
Gradient-boosted model,7550,2398.0,84.52590764892493
Gradient-boosted model,7600,2399.0,84.5611561508636
Gradient-boosted model,7650,2400.0,84.59640465280226
Gradient-boosted model,7700,2400.0,84.59640465280226
Gradient-boosted model,7750,2403.0,84.70215015861827
Gradient-boosted model,7800,2405.0,84.7726471624956
Gradient-boosted model,7850,2406.0,84.80789566443427
Gradient-boosted model,7900,2407.0,84.84314416637292
Gradient-boosted model,7950,2407.0,84.84314416637292
Gradient-boosted model,8000,2407.0,84.84314416637292
Gradient-boosted model,8050,2410.0,84.94888967218893
Gradient-boosted model,8100,2412.0,85.01938667606626
Gradient-boosted model,8150,2412.0,85.01938667606626
Gradient-boosted model,8200,2413.0,85.05463517800493
Gradient-boosted model,8250,2413.0,85.05463517800493
Gradient-boosted model,8300,2413.0,85.05463517800493
Gradient-boosted model,8350,2414.0,85.0898836799436
Gradient-boosted model,8400,2415.0,85.12513218188226
Gradient-boosted model,8450,2417.0,85.1956291857596
Gradient-boosted model,8500,2417.0,85.1956291857596
Gradient-boosted model,8550,2417.0,85.1956291857596
Gradient-boosted model,8600,2419.0,85.26612618963694
Gradient-boosted model,8650,2419.0,85.26612618963694
Gradient-boosted model,8700,2420.0,85.3013746915756
Gradient-boosted model,8750,2423.0,85.4071201973916
Gradient-boosted model,8800,2424.0,85.44236869933027
Gradient-boosted model,8850,2424.0,85.44236869933027
Gradient-boosted model,8900,2424.0,85.44236869933027
Gradient-boosted model,8950,2425.0,85.47761720126894
Gradient-boosted model,9000,2426.0,85.51286570320762
Gradient-boosted model,9050,2426.0,85.51286570320762
Gradient-boosted model,9100,2426.0,85.51286570320762
Gradient-boosted model,9150,2426.0,85.51286570320762
Gradient-boosted model,9200,2427.0,85.54811420514629
Gradient-boosted model,9250,2427.0,85.54811420514629
Gradient-boosted model,9300,2427.0,85.54811420514629
Gradient-boosted model,9350,2428.0,85.58336270708496
Gradient-boosted model,9400,2428.0,85.58336270708496
Gradient-boosted model,9450,2430.0,85.6538597109623
Gradient-boosted model,9500,2431.0,85.68910821290096
Gradient-boosted model,9550,2431.0,85.68910821290096
Gradient-boosted model,9600,2431.0,85.68910821290096
Gradient-boosted model,9650,2431.0,85.68910821290096
Gradient-boosted model,9700,2432.0,85.72435671483962
Gradient-boosted model,9750,2432.0,85.72435671483962
Gradient-boosted model,9800,2432.0,85.72435671483962
Gradient-boosted model,9850,2432.0,85.72435671483962
Gradient-boosted model,9900,2435.0,85.83010222065562
Gradient-boosted model,9950,2438.0,85.93584772647162
Gradient-boosted model,10000,2439.0,85.97109622841029
Gradient-boosted model,10050,2441.0,86.04159323228762
Gradient-boosted model,10100,2441.0,86.04159323228762
Gradient-boosted model,10150,2442.0,86.07684173422629
Gradient-boosted model,10200,2442.0,86.07684173422629
Gradient-boosted model,10250,2445.0,86.1825872400423
Gradient-boosted model,10300,2447.0,86.25308424391963
Gradient-boosted model,10350,2449.0,86.32358124779697
Gradient-boosted model,10400,2449.0,86.32358124779697
Gradient-boosted model,10450,2450.0,86.35882974973563
Gradient-boosted model,10500,2453.0,86.46457525555164
Gradient-boosted model,10550,2453.0,86.46457525555164
Gradient-boosted model,10600,2453.0,86.46457525555164
Gradient-boosted model,10650,2453.0,86.46457525555164
Gradient-boosted model,10700,2453.0,86.46457525555164
Gradient-boosted model,10750,2455.0,86.53507225942897
Gradient-boosted model,10800,2455.0,86.53507225942897
Gradient-boosted model,10850,2456.0,86.57032076136765
Gradient-boosted model,10900,2457.0,86.60556926330631
Gradient-boosted model,10950,2458.0,86.64081776524498
Gradient-boosted model,11000,2458.0,86.64081776524498
Gradient-boosted model,11050,2459.0,86.67606626718364
Gradient-boosted model,11100,2460.0,86.71131476912231
Gradient-boosted model,11150,2460.0,86.71131476912231
Gradient-boosted model,11200,2462.0,86.78181177299965
Gradient-boosted model,11250,2467.0,86.95805428269298
Gradient-boosted model,11300,2467.0,86.95805428269298
Gradient-boosted model,11350,2468.0,86.99330278463165
Gradient-boosted model,11400,2468.0,86.99330278463165
Gradient-boosted model,11450,2468.0,86.99330278463165
Gradient-boosted model,11500,2468.0,86.99330278463165
Gradient-boosted model,11550,2470.0,87.06379978850899
Gradient-boosted model,11600,2471.0,87.09904829044766
Gradient-boosted model,11650,2471.0,87.09904829044766
Gradient-boosted model,11700,2471.0,87.09904829044766
Gradient-boosted model,11750,2471.0,87.09904829044766
Gradient-boosted model,11800,2471.0,87.09904829044766
Gradient-boosted model,11850,2471.0,87.09904829044766
Gradient-boosted model,11900,2472.0,87.13429679238632
Gradient-boosted model,11950,2472.0,87.13429679238632
Gradient-boosted model,12000,2472.0,87.13429679238632
Gradient-boosted model,12050,2472.0,87.13429679238632
Gradient-boosted model,12100,2472.0,87.13429679238632
Gradient-boosted model,12150,2473.0,87.16954529432499
Gradient-boosted model,12200,2473.0,87.16954529432499
Gradient-boosted model,12250,2473.0,87.16954529432499
Gradient-boosted model,12300,2473.0,87.16954529432499
Gradient-boosted model,12350,2473.0,87.16954529432499
Gradient-boosted model,12400,2474.0,87.20479379626366
Gradient-boosted model,12450,2475.0,87.24004229820233
Gradient-boosted model,12500,2477.0,87.31053930207966
Gradient-boosted model,12550,2478.0,87.34578780401833
Gradient-boosted model,12600,2480.0,87.41628480789566
Gradient-boosted model,12650,2481.0,87.45153330983433
Gradient-boosted model,12700,2481.0,87.45153330983433
Gradient-boosted model,12750,2481.0,87.45153330983433
Gradient-boosted model,12800,2482.0,87.486781811773
Gradient-boosted model,12850,2483.0,87.52203031371167
Gradient-boosted model,12900,2485.0,87.592527317589
Gradient-boosted model,12950,2486.0,87.62777581952767
Gradient-boosted model,13000,2490.0,87.76876982728234
Gradient-boosted model,13050,2491.0,87.80401832922101
Gradient-boosted model,13100,2492.0,87.83926683115968
Gradient-boosted model,13150,2494.0,87.90976383503701
Gradient-boosted model,13200,2495.0,87.94501233697568
Gradient-boosted model,13250,2495.0,87.94501233697568
Gradient-boosted model,13300,2496.0,87.98026083891435
Gradient-boosted model,13350,2497.0,88.01550934085301
Gradient-boosted model,13400,2497.0,88.01550934085301
Gradient-boosted model,13450,2499.0,88.08600634473035
Gradient-boosted model,13500,2499.0,88.08600634473035
Gradient-boosted model,13550,2501.0,88.15650334860769
Gradient-boosted model,13600,2501.0,88.15650334860769
Gradient-boosted model,13650,2501.0,88.15650334860769
Gradient-boosted model,13700,2502.0,88.19175185054635
Gradient-boosted model,13750,2504.0,88.26224885442369
Gradient-boosted model,13800,2504.0,88.26224885442369
Gradient-boosted model,13850,2505.0,88.29749735636236
Gradient-boosted model,13900,2506.0,88.33274585830102
Gradient-boosted model,13950,2506.0,88.33274585830102
Gradient-boosted model,14000,2508.0,88.40324286217836
Gradient-boosted model,14050,2509.0,88.43849136411703
Gradient-boosted model,14100,2509.0,88.43849136411703
Gradient-boosted model,14150,2509.0,88.43849136411703
Gradient-boosted model,14200,2510.0,88.4737398660557
Gradient-boosted model,14250,2510.0,88.4737398660557
Gradient-boosted model,14300,2512.0,88.54423686993303
Gradient-boosted model,14350,2513.0,88.5794853718717
Gradient-boosted model,14400,2513.0,88.5794853718717
Gradient-boosted model,14450,2514.0,88.61473387381037
Gradient-boosted model,14500,2514.0,88.61473387381037
Gradient-boosted model,14550,2514.0,88.61473387381037
Gradient-boosted model,14600,2515.0,88.64998237574902
Gradient-boosted model,14650,2515.0,88.64998237574902
Gradient-boosted model,14700,2515.0,88.64998237574902
Gradient-boosted model,14750,2515.0,88.64998237574902
Gradient-boosted model,14800,2515.0,88.64998237574902
Gradient-boosted model,14850,2515.0,88.64998237574902
Gradient-boosted model,14900,2516.0,88.68523087768769
Gradient-boosted model,14950,2520.0,88.82622488544237
Gradient-boosted model,15000,2520.0,88.82622488544237
Gradient-boosted model,15050,2520.0,88.82622488544237
Gradient-boosted model,15100,2521.0,88.86147338738104
Gradient-boosted model,15150,2521.0,88.86147338738104
Gradient-boosted model,15200,2521.0,88.86147338738104
Gradient-boosted model,15250,2521.0,88.86147338738104
Gradient-boosted model,15300,2521.0,88.86147338738104
Gradient-boosted model,15350,2523.0,88.93197039125837
Gradient-boosted model,15400,2525.0,89.00246739513571
Gradient-boosted model,15450,2525.0,89.00246739513571
Gradient-boosted model,15500,2525.0,89.00246739513571
Gradient-boosted model,15550,2525.0,89.00246739513571
Gradient-boosted model,15600,2526.0,89.03771589707438
Gradient-boosted model,15650,2527.0,89.07296439901305
Gradient-boosted model,15700,2527.0,89.07296439901305
Gradient-boosted model,15750,2527.0,89.07296439901305
Gradient-boosted model,15800,2527.0,89.07296439901305
Gradient-boosted model,15850,2527.0,89.07296439901305
Gradient-boosted model,15900,2527.0,89.07296439901305
Gradient-boosted model,15950,2527.0,89.07296439901305
Gradient-boosted model,16000,2529.0,89.14346140289038
Gradient-boosted model,16050,2529.0,89.14346140289038
Gradient-boosted model,16100,2529.0,89.14346140289038
Gradient-boosted model,16150,2531.0,89.21395840676772
Gradient-boosted model,16200,2531.0,89.21395840676772
Gradient-boosted model,16250,2533.0,89.28445541064505
Gradient-boosted model,16300,2533.0,89.28445541064505
Gradient-boosted model,16350,2533.0,89.28445541064505
Gradient-boosted model,16400,2533.0,89.28445541064505
Gradient-boosted model,16450,2533.0,89.28445541064505
Gradient-boosted model,16500,2533.0,89.28445541064505
Gradient-boosted model,16550,2534.0,89.31970391258372
Gradient-boosted model,16600,2535.0,89.35495241452239
Gradient-boosted model,16650,2536.0,89.39020091646105
Gradient-boosted model,16700,2537.0,89.42544941839972
Gradient-boosted model,16750,2538.0,89.46069792033839
Gradient-boosted model,16800,2538.0,89.46069792033839
Gradient-boosted model,16850,2538.0,89.46069792033839
Gradient-boosted model,16900,2540.0,89.53119492421571
Gradient-boosted model,16950,2540.0,89.53119492421571
Gradient-boosted model,17000,2542.0,89.60169192809305
Gradient-boosted model,17050,2542.0,89.60169192809305
Gradient-boosted model,17100,2542.0,89.60169192809305
Gradient-boosted model,17150,2542.0,89.60169192809305
Gradient-boosted model,17200,2544.0,89.67218893197038
Gradient-boosted model,17250,2544.0,89.67218893197038
Gradient-boosted model,17300,2546.0,89.74268593584772
Gradient-boosted model,17350,2546.0,89.74268593584772
Gradient-boosted model,17400,2547.0,89.77793443778639
Gradient-boosted model,17450,2548.0,89.81318293972507
Gradient-boosted model,17500,2548.0,89.81318293972507
Gradient-boosted model,17550,2549.0,89.84843144166373
Gradient-boosted model,17600,2550.0,89.8836799436024
Gradient-boosted model,17650,2550.0,89.8836799436024
Gradient-boosted model,17700,2550.0,89.8836799436024
Gradient-boosted model,17750,2552.0,89.95417694747974
Gradient-boosted model,17800,2552.0,89.95417694747974
Gradient-boosted model,17850,2552.0,89.95417694747974
Gradient-boosted model,17900,2552.0,89.95417694747974
Gradient-boosted model,17950,2552.0,89.95417694747974
Gradient-boosted model,18000,2552.0,89.95417694747974
Gradient-boosted model,18050,2552.0,89.95417694747974
Gradient-boosted model,18100,2552.0,89.95417694747974
Gradient-boosted model,18150,2552.0,89.95417694747974
Gradient-boosted model,18200,2552.0,89.95417694747974
Gradient-boosted model,18250,2553.0,89.9894254494184
Gradient-boosted model,18300,2554.0,90.02467395135707
Gradient-boosted model,18350,2554.0,90.02467395135707
Gradient-boosted model,18400,2555.0,90.05992245329574
Gradient-boosted model,18450,2555.0,90.05992245329574
Gradient-boosted model,18500,2555.0,90.05992245329574
Gradient-boosted model,18550,2555.0,90.05992245329574
Gradient-boosted model,18600,2557.0,90.13041945717308
Gradient-boosted model,18650,2557.0,90.13041945717308
Gradient-boosted model,18700,2557.0,90.13041945717308
Gradient-boosted model,18750,2557.0,90.13041945717308
Gradient-boosted model,18800,2558.0,90.16566795911174
Gradient-boosted model,18850,2559.0,90.20091646105041
Gradient-boosted model,18900,2559.0,90.20091646105041
Gradient-boosted model,18950,2560.0,90.23616496298908
Gradient-boosted model,19000,2560.0,90.23616496298908
Gradient-boosted model,19050,2561.0,90.27141346492775
Gradient-boosted model,19100,2561.0,90.27141346492775
Gradient-boosted model,19150,2562.0,90.30666196686641
Gradient-boosted model,19200,2562.0,90.30666196686641
Gradient-boosted model,19250,2562.0,90.30666196686641
Gradient-boosted model,19300,2562.0,90.30666196686641
Gradient-boosted model,19350,2562.0,90.30666196686641
Gradient-boosted model,19400,2562.0,90.30666196686641
Gradient-boosted model,19450,2562.0,90.30666196686641
Gradient-boosted model,19500,2562.0,90.30666196686641
Gradient-boosted model,19550,2562.0,90.30666196686641
Gradient-boosted model,19600,2562.0,90.30666196686641
Gradient-boosted model,19650,2562.0,90.30666196686641
Gradient-boosted model,19700,2562.0,90.30666196686641
Gradient-boosted model,19750,2562.0,90.30666196686641
Gradient-boosted model,19800,2563.0,90.34191046880508
Gradient-boosted model,19850,2563.0,90.34191046880508
Gradient-boosted model,19900,2564.0,90.37715897074375
Gradient-boosted model,19950,2565.0,90.4124074726824
Gradient-boosted model,20000,2565.0,90.4124074726824
Gradient-boosted model,20050,2565.0,90.4124074726824
Gradient-boosted model,20100,2566.0,90.44765597462107
Gradient-boosted model,20150,2567.0,90.48290447655974
Gradient-boosted model,20200,2567.0,90.48290447655974
Gradient-boosted model,20250,2567.0,90.48290447655974
Gradient-boosted model,20300,2567.0,90.48290447655974
Gradient-boosted model,20350,2568.0,90.5181529784984
Gradient-boosted model,20400,2568.0,90.5181529784984
Gradient-boosted model,20450,2569.0,90.55340148043707
Gradient-boosted model,20500,2570.0,90.58864998237574
Gradient-boosted model,20550,2570.0,90.58864998237574
Gradient-boosted model,20600,2570.0,90.58864998237574
Gradient-boosted model,20650,2570.0,90.58864998237574
Gradient-boosted model,20700,2570.0,90.58864998237574
Gradient-boosted model,20750,2570.0,90.58864998237574
Gradient-boosted model,20800,2570.0,90.58864998237574
Gradient-boosted model,20850,2570.0,90.58864998237574
Gradient-boosted model,20900,2570.0,90.58864998237574
Gradient-boosted model,20950,2570.0,90.58864998237574
Gradient-boosted model,21000,2570.0,90.58864998237574
Gradient-boosted model,21050,2570.0,90.58864998237574
Gradient-boosted model,21100,2570.0,90.58864998237574
Gradient-boosted model,21150,2571.0,90.62389848431441
Gradient-boosted model,21200,2572.0,90.65914698625308
Gradient-boosted model,21250,2572.0,90.65914698625308
Gradient-boosted model,21300,2572.0,90.65914698625308
Gradient-boosted model,21350,2572.0,90.65914698625308
Gradient-boosted model,21400,2572.0,90.65914698625308
Gradient-boosted model,21450,2573.0,90.69439548819174
Gradient-boosted model,21500,2573.0,90.69439548819174
Gradient-boosted model,21550,2573.0,90.69439548819174
Gradient-boosted model,21600,2575.0,90.76489249206908
Gradient-boosted model,21650,2576.0,90.80014099400775
Gradient-boosted model,21700,2576.0,90.80014099400775
Gradient-boosted model,21750,2576.0,90.80014099400775
Gradient-boosted model,21800,2577.0,90.83538949594642
Gradient-boosted model,21850,2577.0,90.83538949594642
Gradient-boosted model,21900,2577.0,90.83538949594642
Gradient-boosted model,21950,2577.0,90.83538949594642
Gradient-boosted model,22000,2577.0,90.83538949594642
Gradient-boosted model,22050,2577.0,90.83538949594642
Gradient-boosted model,22100,2577.0,90.83538949594642
Gradient-boosted model,22150,2577.0,90.83538949594642
Gradient-boosted model,22200,2579.0,90.90588649982377
Gradient-boosted model,22250,2579.0,90.90588649982377
Gradient-boosted model,22300,2579.0,90.90588649982377
Gradient-boosted model,22350,2580.0,90.94113500176243
Gradient-boosted model,22400,2580.0,90.94113500176243
Gradient-boosted model,22450,2581.0,90.9763835037011
Gradient-boosted model,22500,2581.0,90.9763835037011
Gradient-boosted model,22550,2581.0,90.9763835037011
Gradient-boosted model,22600,2581.0,90.9763835037011
Gradient-boosted model,22650,2581.0,90.9763835037011
Gradient-boosted model,22700,2581.0,90.9763835037011
Gradient-boosted model,22750,2582.0,91.01163200563977
Gradient-boosted model,22800,2582.0,91.01163200563977
Gradient-boosted model,22850,2582.0,91.01163200563977
Gradient-boosted model,22900,2582.0,91.01163200563977
Gradient-boosted model,22950,2582.0,91.01163200563977
Gradient-boosted model,23000,2582.0,91.01163200563977
Gradient-boosted model,23050,2582.0,91.01163200563977
Gradient-boosted model,23100,2582.0,91.01163200563977
Gradient-boosted model,23150,2582.0,91.01163200563977
Gradient-boosted model,23200,2582.0,91.01163200563977
Gradient-boosted model,23250,2582.0,91.01163200563977
Gradient-boosted model,23300,2583.0,91.04688050757844
Gradient-boosted model,23350,2583.0,91.04688050757844
Gradient-boosted model,23400,2583.0,91.04688050757844
Gradient-boosted model,23450,2584.0,91.0821290095171
Gradient-boosted model,23500,2584.0,91.0821290095171
Gradient-boosted model,23550,2585.0,91.11737751145577
Gradient-boosted model,23600,2585.0,91.11737751145577
Gradient-boosted model,23650,2586.0,91.15262601339444
Gradient-boosted model,23700,2586.0,91.15262601339444
Gradient-boosted model,23750,2586.0,91.15262601339444
Gradient-boosted model,23800,2587.0,91.1878745153331
Gradient-boosted model,23850,2587.0,91.1878745153331
Gradient-boosted model,23900,2587.0,91.1878745153331
Gradient-boosted model,23950,2587.0,91.1878745153331
Gradient-boosted model,24000,2588.0,91.22312301727177
Gradient-boosted model,24050,2588.0,91.22312301727177
Gradient-boosted model,24100,2588.0,91.22312301727177
Gradient-boosted model,24150,2589.0,91.25837151921044
Gradient-boosted model,24200,2589.0,91.25837151921044
Gradient-boosted model,24250,2589.0,91.25837151921044
Gradient-boosted model,24300,2589.0,91.25837151921044
Gradient-boosted model,24350,2589.0,91.25837151921044
Gradient-boosted model,24400,2589.0,91.25837151921044
Gradient-boosted model,24450,2589.0,91.25837151921044
Gradient-boosted model,24500,2589.0,91.25837151921044
Gradient-boosted model,24550,2589.0,91.25837151921044
Gradient-boosted model,24600,2589.0,91.25837151921044
Gradient-boosted model,24650,2589.0,91.25837151921044
Gradient-boosted model,24700,2590.0,91.2936200211491
Gradient-boosted model,24750,2590.0,91.2936200211491
Gradient-boosted model,24800,2590.0,91.2936200211491
Gradient-boosted model,24850,2590.0,91.2936200211491
Gradient-boosted model,24900,2590.0,91.2936200211491
Gradient-boosted model,24950,2590.0,91.2936200211491
Gradient-boosted model,25000,2590.0,91.2936200211491
Rule engine (cannot rank),0,0.0,0.0
Rule engine (cannot rank),50,0.0,0.0002574977374463681
Rule engine (cannot rank),100,0.0,0.0005149954748927362
Rule engine (cannot rank),150,0.0,0.0007724932123391042
Rule engine (cannot rank),200,0.0,0.0010299909497854724
Rule engine (cannot rank),250,0.0,0.0012874886872318405
Rule engine (cannot rank),300,0.0,0.0015449864246782083
Rule engine (cannot rank),350,0.1,0.0018024841621245768
Rule engine (cannot rank),400,0.1,0.002059981899570945
Rule engine (cannot rank),450,0.1,0.002317479637017313
Rule engine (cannot rank),500,0.1,0.002574977374463681
Rule engine (cannot rank),550,0.1,0.002832475111910049
Rule engine (cannot rank),600,0.1,0.0030899728493564167
Rule engine (cannot rank),650,0.1,0.003347470586802785
Rule engine (cannot rank),700,0.1,0.0036049683242491536
Rule engine (cannot rank),750,0.1,0.0038624660616955213
Rule engine (cannot rank),800,0.1,0.00411996379914189
Rule engine (cannot rank),850,0.1,0.004377461536588257
Rule engine (cannot rank),900,0.1,0.004634959274034626
Rule engine (cannot rank),950,0.1,0.004892457011480994
Rule engine (cannot rank),1000,0.1,0.005149954748927362
Rule engine (cannot rank),1050,0.2,0.0054074524863737304
Rule engine (cannot rank),1100,0.2,0.005664950223820098
Rule engine (cannot rank),1150,0.2,0.0059224479612664666
Rule engine (cannot rank),1200,0.2,0.006179945698712833
Rule engine (cannot rank),1250,0.2,0.006437443436159203
Rule engine (cannot rank),1300,0.2,0.00669494117360557
Rule engine (cannot rank),1350,0.2,0.006952438911051938
Rule engine (cannot rank),1400,0.2,0.007209936648498307
Rule engine (cannot rank),1450,0.2,0.007467434385944675
Rule engine (cannot rank),1500,0.2,0.0077249321233910425
Rule engine (cannot rank),1550,0.2,0.007982429860837411
Rule engine (cannot rank),1600,0.2,0.00823992759828378
Rule engine (cannot rank),1650,0.2,0.008497425335730146
Rule engine (cannot rank),1700,0.2,0.008754923073176515
Rule engine (cannot rank),1750,0.3,0.009012420810622885
Rule engine (cannot rank),1800,0.3,0.009269918548069252
Rule engine (cannot rank),1850,0.3,0.009527416285515618
Rule engine (cannot rank),1900,0.3,0.009784914022961989
Rule engine (cannot rank),1950,0.3,0.010042411760408355
Rule engine (cannot rank),2000,0.3,0.010299909497854724
Rule engine (cannot rank),2050,0.3,0.01055740723530109
Rule engine (cannot rank),2100,0.3,0.010814904972747461
Rule engine (cannot rank),2150,0.3,0.01107240271019383
Rule engine (cannot rank),2200,0.3,0.011329900447640196
Rule engine (cannot rank),2250,0.3,0.011587398185086563
Rule engine (cannot rank),2300,0.3,0.011844895922532933
Rule engine (cannot rank),2350,0.3,0.0121023936599793
Rule engine (cannot rank),2400,0.4,0.012359891397425667
Rule engine (cannot rank),2450,0.4,0.012617389134872039
Rule engine (cannot rank),2500,0.4,0.012874886872318405
Rule engine (cannot rank),2550,0.4,0.013132384609764774
Rule engine (cannot rank),2600,0.4,0.01338988234721114
Rule engine (cannot rank),2650,0.4,0.013647380084657509
Rule engine (cannot rank),2700,0.4,0.013904877822103876
Rule engine (cannot rank),2750,0.4,0.014162375559550246
Rule engine (cannot rank),2800,0.4,0.014419873296996615
Rule engine (cannot rank),2850,0.4,0.014677371034442981
Rule engine (cannot rank),2900,0.4,0.01493486877188935
Rule engine (cannot rank),2950,0.4,0.015192366509335717
Rule engine (cannot rank),3000,0.4,0.015449864246782085
Rule engine (cannot rank),3050,0.4,0.015707361984228455
Rule engine (cannot rank),3100,0.5,0.015964859721674822
Rule engine (cannot rank),3150,0.5,0.01622235745912119
Rule engine (cannot rank),3200,0.5,0.01647985519656756
Rule engine (cannot rank),3250,0.5,0.016737352934013926
Rule engine (cannot rank),3300,0.5,0.016994850671460292
Rule engine (cannot rank),3350,0.5,0.017252348408906663
Rule engine (cannot rank),3400,0.5,0.01750984614635303
Rule engine (cannot rank),3450,0.5,0.017767343883799396
Rule engine (cannot rank),3500,0.5,0.01802484162124577
Rule engine (cannot rank),3550,0.5,0.018282339358692133
Rule engine (cannot rank),3600,0.5,0.018539837096138503
Rule engine (cannot rank),3650,0.5,0.01879733483358487
Rule engine (cannot rank),3700,0.5,0.019054832571031237
Rule engine (cannot rank),3750,0.5,0.019312330308477607
Rule engine (cannot rank),3800,0.6,0.019569828045923977
Rule engine (cannot rank),3850,0.6,0.019827325783370344
Rule engine (cannot rank),3900,0.6,0.02008482352081671
Rule engine (cannot rank),3950,0.6,0.02034232125826308
Rule engine (cannot rank),4000,0.6,0.020599818995709448
Rule engine (cannot rank),4050,0.6,0.020857316733155818
Rule engine (cannot rank),4100,0.6,0.02111481447060218
Rule engine (cannot rank),4150,0.6,0.02137231220804855
Rule engine (cannot rank),4200,0.6,0.021629809945494922
Rule engine (cannot rank),4250,0.6,0.021887307682941285
Rule engine (cannot rank),4300,0.6,0.02214480542038766
Rule engine (cannot rank),4350,0.6,0.022402303157834022
Rule engine (cannot rank),4400,0.6,0.022659800895280392
Rule engine (cannot rank),4450,0.7,0.022917298632726762
Rule engine (cannot rank),4500,0.7,0.023174796370173126
Rule engine (cannot rank),4550,0.7,0.023432294107619496
Rule engine (cannot rank),4600,0.7,0.023689791845065866
Rule engine (cannot rank),4650,0.7,0.02394728958251223
Rule engine (cannot rank),4700,0.7,0.0242047873199586
Rule engine (cannot rank),4750,0.7,0.024462285057404966
Rule engine (cannot rank),4800,0.7,0.024719782794851333
Rule engine (cannot rank),4850,0.7,0.024977280532297703
Rule engine (cannot rank),4900,0.7,0.025234778269744077
Rule engine (cannot rank),4950,0.7,0.025492276007190437
Rule engine (cannot rank),5000,0.7,0.02574977374463681
Rule engine (cannot rank),5050,0.7,0.026007271482083177
Rule engine (cannot rank),5100,0.7,0.026264769219529548
Rule engine (cannot rank),5150,0.8,0.026522266956975914
Rule engine (cannot rank),5200,0.8,0.02677976469442228
Rule engine (cannot rank),5250,0.8,0.027037262431868648
Rule engine (cannot rank),5300,0.8,0.027294760169315018
Rule engine (cannot rank),5350,0.8,0.027552257906761385
Rule engine (cannot rank),5400,0.8,0.02780975564420775
Rule engine (cannot rank),5450,0.8,0.02806725338165412
Rule engine (cannot rank),5500,0.8,0.028324751119100492
Rule engine (cannot rank),5550,0.8,0.02858224885654686
Rule engine (cannot rank),5600,0.8,0.02883974659399323
Rule engine (cannot rank),5650,0.8,0.029097244331439596
Rule engine (cannot rank),5700,0.8,0.029354742068885963
Rule engine (cannot rank),5750,0.8,0.02961223980633233
Rule engine (cannot rank),5800,0.8,0.0298697375437787
Rule engine (cannot rank),5850,0.9,0.030127235281225066
Rule engine (cannot rank),5900,0.9,0.030384733018671433
Rule engine (cannot rank),5950,0.9,0.0306422307561178
Rule engine (cannot rank),6000,0.9,0.03089972849356417
Rule engine (cannot rank),6050,0.9,0.03115722623101054
Rule engine (cannot rank),6100,0.9,0.03141472396845691
Rule engine (cannot rank),6150,0.9,0.031672221705903274
Rule engine (cannot rank),6200,0.9,0.031929719443349644
Rule engine (cannot rank),6250,0.9,0.032187217180796014
Rule engine (cannot rank),6300,0.9,0.03244471491824238
Rule engine (cannot rank),6350,0.9,0.03270221265568875
Rule engine (cannot rank),6400,0.9,0.03295971039313512
Rule engine (cannot rank),6450,0.9,0.03321720813058148
Rule engine (cannot rank),6500,0.9,0.03347470586802785
Rule engine (cannot rank),6550,1.0,0.03373220360547422
Rule engine (cannot rank),6600,1.0,0.033989701342920585
Rule engine (cannot rank),6650,1.0,0.034247199080366955
Rule engine (cannot rank),6700,1.0,0.034504696817813325
Rule engine (cannot rank),6750,1.0,0.034762194555259696
Rule engine (cannot rank),6800,1.0,0.03501969229270606
Rule engine (cannot rank),6850,1.0,0.035277190030152436
Rule engine (cannot rank),6900,1.0,0.03553468776759879
Rule engine (cannot rank),6950,1.0,0.03579218550504516
Rule engine (cannot rank),7000,1.0,0.03604968324249154
Rule engine (cannot rank),7050,1.0,0.0363071809799379
Rule engine (cannot rank),7100,1.0,0.036564678717384266
Rule engine (cannot rank),7150,1.0,0.036822176454830643
Rule engine (cannot rank),7200,1.1,0.03707967419227701
Rule engine (cannot rank),7250,1.1,0.03733717192972337
Rule engine (cannot rank),7300,1.1,0.03759466966716974
Rule engine (cannot rank),7350,1.1,0.03785216740461611
Rule engine (cannot rank),7400,1.1,0.038109665142062474
Rule engine (cannot rank),7450,1.1,0.03836716287950884
Rule engine (cannot rank),7500,1.1,0.038624660616955214
Rule engine (cannot rank),7550,1.1,0.038882158354401584
Rule engine (cannot rank),7600,1.1,0.039139656091847955
Rule engine (cannot rank),7650,1.1,0.03939715382929432
Rule engine (cannot rank),7700,1.1,0.03965465156674069
Rule engine (cannot rank),7750,1.1,0.03991214930418706
Rule engine (cannot rank),7800,1.1,0.04016964704163342
Rule engine (cannot rank),7850,1.1,0.04042714477907979
Rule engine (cannot rank),7900,1.2,0.04068464251652616
Rule engine (cannot rank),7950,1.2,0.040942140253972525
Rule engine (cannot rank),8000,1.2,0.041199637991418896
Rule engine (cannot rank),8050,1.2,0.041457135728865266
Rule engine (cannot rank),8100,1.2,0.041714633466311636
Rule engine (cannot rank),8150,1.2,0.041972131203758
Rule engine (cannot rank),8200,1.2,0.04222962894120436
Rule engine (cannot rank),8250,1.2,0.04248712667865074
Rule engine (cannot rank),8300,1.2,0.0427446244160971
Rule engine (cannot rank),8350,1.2,0.043002122153543466
Rule engine (cannot rank),8400,1.2,0.043259619890989844
Rule engine (cannot rank),8450,1.2,0.04351711762843621
Rule engine (cannot rank),8500,1.2,0.04377461536588257
Rule engine (cannot rank),8550,1.2,0.04403211310332895
Rule engine (cannot rank),8600,1.3,0.04428961084077532
Rule engine (cannot rank),8650,1.3,0.044547108578221674
Rule engine (cannot rank),8700,1.3,0.044804606315668044
Rule engine (cannot rank),8750,1.3,0.04506210405311442
Rule engine (cannot rank),8800,1.3,0.045319601790560785
Rule engine (cannot rank),8850,1.3,0.04557709952800716
Rule engine (cannot rank),8900,1.3,0.045834597265453525
Rule engine (cannot rank),8950,1.3,0.04609209500289989
Rule engine (cannot rank),9000,1.3,0.04634959274034625
Rule engine (cannot rank),9050,1.3,0.04660709047779263
Rule engine (cannot rank),9100,1.3,0.04686458821523899
Rule engine (cannot rank),9150,1.3,0.047122085952685355
Rule engine (cannot rank),9200,1.3,0.04737958369013173
Rule engine (cannot rank),9250,1.4,0.047637081427578096
Rule engine (cannot rank),9300,1.4,0.04789457916502446
Rule engine (cannot rank),9350,1.4,0.04815207690247083
Rule engine (cannot rank),9400,1.4,0.0484095746399172
Rule engine (cannot rank),9450,1.4,0.04866707237736357
Rule engine (cannot rank),9500,1.4,0.04892457011480993
Rule engine (cannot rank),9550,1.4,0.0491820678522563
Rule engine (cannot rank),9600,1.4,0.049439565589702666
Rule engine (cannot rank),9650,1.4,0.04969706332714904
Rule engine (cannot rank),9700,1.4,0.04995456106459541
Rule engine (cannot rank),9750,1.4,0.05021205880204177
Rule engine (cannot rank),9800,1.4,0.050469556539488154
Rule engine (cannot rank),9850,1.4,0.05072705427693452
Rule engine (cannot rank),9900,1.4,0.050984552014380874
Rule engine (cannot rank),9950,1.5,0.05124204975182725
Rule engine (cannot rank),10000,1.5,0.05149954748927362
Rule engine (cannot rank),10050,1.5,0.05175704522671999
Rule engine (cannot rank),10100,1.5,0.052014542964166355
Rule engine (cannot rank),10150,1.5,0.052272040701612725
Rule engine (cannot rank),10200,1.5,0.052529538439059095
Rule engine (cannot rank),10250,1.5,0.05278703617650546
Rule engine (cannot rank),10300,1.5,0.05304453391395183
Rule engine (cannot rank),10350,1.5,0.05330203165139819
Rule engine (cannot rank),10400,1.5,0.05355952938884456
Rule engine (cannot rank),10450,1.5,0.05381702712629093
Rule engine (cannot rank),10500,1.5,0.054074524863737296
Rule engine (cannot rank),10550,1.5,0.054332022601183666
Rule engine (cannot rank),10600,1.5,0.054589520338630036
Rule engine (cannot rank),10650,1.6,0.0548470180760764
Rule engine (cannot rank),10700,1.6,0.05510451581352277
Rule engine (cannot rank),10750,1.6,0.05536201355096913
Rule engine (cannot rank),10800,1.6,0.0556195112884155
Rule engine (cannot rank),10850,1.6,0.05587700902586188
Rule engine (cannot rank),10900,1.6,0.05613450676330824
Rule engine (cannot rank),10950,1.6,0.05639200450075461
Rule engine (cannot rank),11000,1.6,0.056649502238200984
Rule engine (cannot rank),11050,1.6,0.056906999975647354
Rule engine (cannot rank),11100,1.6,0.05716449771309372
Rule engine (cannot rank),11150,1.6,0.05742199545054009
Rule engine (cannot rank),11200,1.6,0.05767949318798646
Rule engine (cannot rank),11250,1.6,0.05793699092543282
Rule engine (cannot rank),11300,1.7,0.05819448866287919
Rule engine (cannot rank),11350,1.7,0.05845198640032556
Rule engine (cannot rank),11400,1.7,0.058709484137771925
Rule engine (cannot rank),11450,1.7,0.058966981875218295
Rule engine (cannot rank),11500,1.7,0.05922447961266466
Rule engine (cannot rank),11550,1.7,0.05948197735011103
Rule engine (cannot rank),11600,1.7,0.0597394750875574
Rule engine (cannot rank),11650,1.7,0.05999697282500376
Rule engine (cannot rank),11700,1.7,0.06025447056245013
Rule engine (cannot rank),11750,1.7,0.060511968299896496
Rule engine (cannot rank),11800,1.7,0.060769466037342866
Rule engine (cannot rank),11850,1.7,0.061026963774789236
Rule engine (cannot rank),11900,1.7,0.0612844615122356
Rule engine (cannot rank),11950,1.7,0.06154195924968197
Rule engine (cannot rank),12000,1.8,0.06179945698712834
Rule engine (cannot rank),12050,1.8,0.06205695472457472
Rule engine (cannot rank),12100,1.8,0.06231445246202108
Rule engine (cannot rank),12150,1.8,0.06257195019946744
Rule engine (cannot rank),12200,1.8,0.06282944793691382
Rule engine (cannot rank),12250,1.8,0.06308694567436018
Rule engine (cannot rank),12300,1.8,0.06334444341180655
Rule engine (cannot rank),12350,1.8,0.06360194114925292
Rule engine (cannot rank),12400,1.8,0.06385943888669929
Rule engine (cannot rank),12450,1.8,0.06411693662414565
Rule engine (cannot rank),12500,1.8,0.06437443436159203
Rule engine (cannot rank),12550,1.8,0.06463193209903839
Rule engine (cannot rank),12600,1.8,0.06488942983648475
Rule engine (cannot rank),12650,1.8,0.06514692757393113
Rule engine (cannot rank),12700,1.9,0.0654044253113775
Rule engine (cannot rank),12750,1.9,0.06566192304882386
Rule engine (cannot rank),12800,1.9,0.06591942078627024
Rule engine (cannot rank),12850,1.9,0.0661769185237166
Rule engine (cannot rank),12900,1.9,0.06643441626116296
Rule engine (cannot rank),12950,1.9,0.06669191399860934
Rule engine (cannot rank),13000,1.9,0.0669494117360557
Rule engine (cannot rank),13050,1.9,0.06720690947350207
Rule engine (cannot rank),13100,1.9,0.06746440721094844
Rule engine (cannot rank),13150,1.9,0.0677219049483948
Rule engine (cannot rank),13200,1.9,0.06797940268584117
Rule engine (cannot rank),13250,1.9,0.06823690042328755
Rule engine (cannot rank),13300,1.9,0.06849439816073391
Rule engine (cannot rank),13350,2.0,0.06875189589818029
Rule engine (cannot rank),13400,2.0,0.06900939363562665
Rule engine (cannot rank),13450,2.0,0.06926689137307301
Rule engine (cannot rank),13500,2.0,0.06952438911051939
Rule engine (cannot rank),13550,2.0,0.06978188684796575
Rule engine (cannot rank),13600,2.0,0.07003938458541212
Rule engine (cannot rank),13650,2.0,0.0702968823228585
Rule engine (cannot rank),13700,2.0,0.07055438006030487
Rule engine (cannot rank),13750,2.0,0.07081187779775122
Rule engine (cannot rank),13800,2.0,0.07106937553519758
Rule engine (cannot rank),13850,2.0,0.07132687327264396
Rule engine (cannot rank),13900,2.0,0.07158437101009033
Rule engine (cannot rank),13950,2.0,0.0718418687475367
Rule engine (cannot rank),14000,2.0,0.07209936648498308
Rule engine (cannot rank),14050,2.1,0.07235686422242944
Rule engine (cannot rank),14100,2.1,0.0726143619598758
Rule engine (cannot rank),14150,2.1,0.07287185969732217
Rule engine (cannot rank),14200,2.1,0.07312935743476853
Rule engine (cannot rank),14250,2.1,0.0733868551722149
Rule engine (cannot rank),14300,2.1,0.07364435290966129
Rule engine (cannot rank),14350,2.1,0.07390185064710765
Rule engine (cannot rank),14400,2.1,0.07415934838455401
Rule engine (cannot rank),14450,2.1,0.07441684612200038
Rule engine (cannot rank),14500,2.1,0.07467434385944674
Rule engine (cannot rank),14550,2.1,0.0749318415968931
Rule engine (cannot rank),14600,2.1,0.07518933933433948
Rule engine (cannot rank),14650,2.1,0.07544683707178586
Rule engine (cannot rank),14700,2.1,0.07570433480923222
Rule engine (cannot rank),14750,2.2,0.07596183254667858
Rule engine (cannot rank),14800,2.2,0.07621933028412495
Rule engine (cannot rank),14850,2.2,0.07647682802157131
Rule engine (cannot rank),14900,2.2,0.07673432575901767
Rule engine (cannot rank),14950,2.2,0.07699182349646407
Rule engine (cannot rank),15000,2.2,0.07724932123391043
Rule engine (cannot rank),15050,2.2,0.07750681897135679
Rule engine (cannot rank),15100,2.2,0.07776431670880317
Rule engine (cannot rank),15150,2.2,0.07802181444624955
Rule engine (cannot rank),15200,2.2,0.07827931218369591
Rule engine (cannot rank),15250,2.2,0.07853680992114226
Rule engine (cannot rank),15300,2.2,0.07879430765858864
Rule engine (cannot rank),15350,2.2,0.079051805396035
Rule engine (cannot rank),15400,2.3,0.07930930313348138
Rule engine (cannot rank),15450,2.3,0.07956680087092774
Rule engine (cannot rank),15500,2.3,0.07982429860837412
Rule engine (cannot rank),15550,2.3,0.08008179634582047
Rule engine (cannot rank),15600,2.3,0.08033929408326684
Rule engine (cannot rank),15650,2.3,0.0805967918207132
Rule engine (cannot rank),15700,2.3,0.08085428955815958
Rule engine (cannot rank),15750,2.3,0.08111178729560595
Rule engine (cannot rank),15800,2.3,0.08136928503305232
Rule engine (cannot rank),15850,2.3,0.08162678277049867
Rule engine (cannot rank),15900,2.3,0.08188428050794505
Rule engine (cannot rank),15950,2.3,0.08214177824539141
Rule engine (cannot rank),16000,2.3,0.08239927598283779
Rule engine (cannot rank),16050,2.3,0.08265677372028415
Rule engine (cannot rank),16100,2.4,0.08291427145773053
Rule engine (cannot rank),16150,2.4,0.08317176919517691
Rule engine (cannot rank),16200,2.4,0.08342926693262327
Rule engine (cannot rank),16250,2.4,0.08368676467006964
Rule engine (cannot rank),16300,2.4,0.083944262407516
Rule engine (cannot rank),16350,2.4,0.08420176014496236
Rule engine (cannot rank),16400,2.4,0.08445925788240873
Rule engine (cannot rank),16450,2.4,0.08471675561985512
Rule engine (cannot rank),16500,2.4,0.08497425335730148
Rule engine (cannot rank),16550,2.4,0.08523175109474784
Rule engine (cannot rank),16600,2.4,0.0854892488321942
Rule engine (cannot rank),16650,2.4,0.08574674656964057
Rule engine (cannot rank),16700,2.4,0.08600424430708693
Rule engine (cannot rank),16750,2.4,0.08626174204453331
Rule engine (cannot rank),16800,2.5,0.08651923978197969
Rule engine (cannot rank),16850,2.5,0.08677673751942605
Rule engine (cannot rank),16900,2.5,0.08703423525687241
Rule engine (cannot rank),16950,2.5,0.08729173299431878
Rule engine (cannot rank),17000,2.5,0.08754923073176514
Rule engine (cannot rank),17050,2.5,0.08780672846921152
Rule engine (cannot rank),17100,2.5,0.0880642262066579
Rule engine (cannot rank),17150,2.5,0.08832172394410426
Rule engine (cannot rank),17200,2.5,0.08857922168155064
Rule engine (cannot rank),17250,2.5,0.088836719418997
Rule engine (cannot rank),17300,2.5,0.08909421715644335
Rule engine (cannot rank),17350,2.5,0.08935171489388972
Rule engine (cannot rank),17400,2.5,0.08960921263133609
Rule engine (cannot rank),17450,2.5,0.08986671036878248
Rule engine (cannot rank),17500,2.6,0.09012420810622884
Rule engine (cannot rank),17550,2.6,0.0903817058436752
Rule engine (cannot rank),17600,2.6,0.09063920358112157
Rule engine (cannot rank),17650,2.6,0.09089670131856793
Rule engine (cannot rank),17700,2.6,0.09115419905601432
Rule engine (cannot rank),17750,2.6,0.09141169679346067
Rule engine (cannot rank),17800,2.6,0.09166919453090705
Rule engine (cannot rank),17850,2.6,0.09192669226835341
Rule engine (cannot rank),17900,2.6,0.09218419000579978
Rule engine (cannot rank),17950,2.6,0.09244168774324614
Rule engine (cannot rank),18000,2.6,0.0926991854806925
Rule engine (cannot rank),18050,2.6,0.09295668321813888
Rule engine (cannot rank),18100,2.6,0.09321418095558526
Rule engine (cannot rank),18150,2.7,0.09347167869303162
Rule engine (cannot rank),18200,2.7,0.09372917643047798
Rule engine (cannot rank),18250,2.7,0.09398667416792436
Rule engine (cannot rank),18300,2.7,0.09424417190537071
Rule engine (cannot rank),18350,2.7,0.0945016696428171
Rule engine (cannot rank),18400,2.7,0.09475916738026346
Rule engine (cannot rank),18450,2.7,0.09501666511770983
Rule engine (cannot rank),18500,2.7,0.09527416285515619
Rule engine (cannot rank),18550,2.7,0.09553166059260255
Rule engine (cannot rank),18600,2.7,0.09578915833004892
Rule engine (cannot rank),18650,2.7,0.09604665606749531
Rule engine (cannot rank),18700,2.7,0.09630415380494166
Rule engine (cannot rank),18750,2.7,0.09656165154238804
Rule engine (cannot rank),18800,2.7,0.0968191492798344
Rule engine (cannot rank),18850,2.8,0.09707664701728076
Rule engine (cannot rank),18900,2.8,0.09733414475472714
Rule engine (cannot rank),18950,2.8,0.09759164249217352
Rule engine (cannot rank),19000,2.8,0.09784914022961987
Rule engine (cannot rank),19050,2.8,0.09810663796706624
Rule engine (cannot rank),19100,2.8,0.0983641357045126
Rule engine (cannot rank),19150,2.8,0.09862163344195897
Rule engine (cannot rank),19200,2.8,0.09887913117940533
Rule engine (cannot rank),19250,2.8,0.09913662891685171
Rule engine (cannot rank),19300,2.8,0.09939412665429807
Rule engine (cannot rank),19350,2.8,0.09965162439174444
Rule engine (cannot rank),19400,2.8,0.09990912212919081
Rule engine (cannot rank),19450,2.8,0.10016661986663718
Rule engine (cannot rank),19500,2.8,0.10042411760408354
Rule engine (cannot rank),19550,2.9,0.10068161534152993
Rule engine (cannot rank),19600,2.9,0.10093911307897631
Rule engine (cannot rank),19650,2.9,0.10119661081642267
Rule engine (cannot rank),19700,2.9,0.10145410855386904
Rule engine (cannot rank),19750,2.9,0.1017116062913154
Rule engine (cannot rank),19800,2.9,0.10196910402876175
Rule engine (cannot rank),19850,2.9,0.10222660176620814
Rule engine (cannot rank),19900,2.9,0.1024840995036545
Rule engine (cannot rank),19950,2.9,0.10274159724110088
Rule engine (cannot rank),20000,2.9,0.10299909497854724
Rule engine (cannot rank),20050,2.9,0.1032565927159936
Rule engine (cannot rank),20100,2.9,0.10351409045343998
Rule engine (cannot rank),20150,2.9,0.10377158819088635
Rule engine (cannot rank),20200,3.0,0.10402908592833271
Rule engine (cannot rank),20250,3.0,0.10428658366577909
Rule engine (cannot rank),20300,3.0,0.10454408140322545
Rule engine (cannot rank),20350,3.0,0.10480157914067181
Rule engine (cannot rank),20400,3.0,0.10505907687811819
Rule engine (cannot rank),20450,3.0,0.10531657461556455
Rule engine (cannot rank),20500,3.0,0.10557407235301092
Rule engine (cannot rank),20550,3.0,0.1058315700904573
Rule engine (cannot rank),20600,3.0,0.10608906782790366
Rule engine (cannot rank),20650,3.0,0.10634656556535002
Rule engine (cannot rank),20700,3.0,0.10660406330279638
Rule engine (cannot rank),20750,3.0,0.10686156104024276
Rule engine (cannot rank),20800,3.0,0.10711905877768912
Rule engine (cannot rank),20850,3.0,0.10737655651513549
Rule engine (cannot rank),20900,3.1,0.10763405425258186
Rule engine (cannot rank),20950,3.1,0.10789155199002823
Rule engine (cannot rank),21000,3.1,0.10814904972747459
Rule engine (cannot rank),21050,3.1,0.10840654746492097
Rule engine (cannot rank),21100,3.1,0.10866404520236733
Rule engine (cannot rank),21150,3.1,0.1089215429398137
Rule engine (cannot rank),21200,3.1,0.10917904067726007
Rule engine (cannot rank),21250,3.1,0.10943653841470644
Rule engine (cannot rank),21300,3.1,0.1096940361521528
Rule engine (cannot rank),21350,3.1,0.10995153388959916
Rule engine (cannot rank),21400,3.1,0.11020903162704554
Rule engine (cannot rank),21450,3.1,0.1104665293644919
Rule engine (cannot rank),21500,3.1,0.11072402710193827
Rule engine (cannot rank),21550,3.1,0.11098152483938464
Rule engine (cannot rank),21600,3.2,0.111239022576831
Rule engine (cannot rank),21650,3.2,0.1114965203142774
Rule engine (cannot rank),21700,3.2,0.11175401805172376
Rule engine (cannot rank),21750,3.2,0.11201151578917011
Rule engine (cannot rank),21800,3.2,0.11226901352661647
Rule engine (cannot rank),21850,3.2,0.11252651126406285
Rule engine (cannot rank),21900,3.2,0.11278400900150921
Rule engine (cannot rank),21950,3.2,0.1130415067389556
Rule engine (cannot rank),22000,3.2,0.11329900447640197
Rule engine (cannot rank),22050,3.2,0.11355650221384833
Rule engine (cannot rank),22100,3.2,0.11381399995129471
Rule engine (cannot rank),22150,3.2,0.11407149768874107
Rule engine (cannot rank),22200,3.2,0.11432899542618744
Rule engine (cannot rank),22250,3.3,0.11458649316363381
Rule engine (cannot rank),22300,3.3,0.11484399090108018
Rule engine (cannot rank),22350,3.3,0.11510148863852654
Rule engine (cannot rank),22400,3.3,0.11535898637597292
Rule engine (cannot rank),22450,3.3,0.11561648411341928
Rule engine (cannot rank),22500,3.3,0.11587398185086564
Rule engine (cannot rank),22550,3.3,0.11613147958831202
Rule engine (cannot rank),22600,3.3,0.11638897732575838
Rule engine (cannot rank),22650,3.3,0.11664647506320475
Rule engine (cannot rank),22700,3.3,0.11690397280065112
Rule engine (cannot rank),22750,3.3,0.11716147053809749
Rule engine (cannot rank),22800,3.3,0.11741896827554385
Rule engine (cannot rank),22850,3.3,0.11767646601299021
Rule engine (cannot rank),22900,3.3,0.11793396375043659
Rule engine (cannot rank),22950,3.4,0.11819146148788295
Rule engine (cannot rank),23000,3.4,0.11844895922532932
Rule engine (cannot rank),23050,3.4,0.1187064569627757
Rule engine (cannot rank),23100,3.4,0.11896395470022206
Rule engine (cannot rank),23150,3.4,0.11922145243766842
Rule engine (cannot rank),23200,3.4,0.1194789501751148
Rule engine (cannot rank),23250,3.4,0.11973644791256116
Rule engine (cannot rank),23300,3.4,0.11999394565000752
Rule engine (cannot rank),23350,3.4,0.1202514433874539
Rule engine (cannot rank),23400,3.4,0.12050894112490027
Rule engine (cannot rank),23450,3.4,0.12076643886234663
Rule engine (cannot rank),23500,3.4,0.12102393659979299
Rule engine (cannot rank),23550,3.4,0.12128143433723937
Rule engine (cannot rank),23600,3.4,0.12153893207468573
Rule engine (cannot rank),23650,3.5,0.1217964298121321
Rule engine (cannot rank),23700,3.5,0.12205392754957847
Rule engine (cannot rank),23750,3.5,0.12231142528702486
Rule engine (cannot rank),23800,3.5,0.1225689230244712
Rule engine (cannot rank),23850,3.5,0.12282642076191758
Rule engine (cannot rank),23900,3.5,0.12308391849936394
Rule engine (cannot rank),23950,3.5,0.1233414162368103
Rule engine (cannot rank),24000,3.5,0.12359891397425668
Rule engine (cannot rank),24050,3.5,0.12385641171170304
Rule engine (cannot rank),24100,3.5,0.12411390944914943
Rule engine (cannot rank),24150,3.5,0.1243714071865958
Rule engine (cannot rank),24200,3.5,0.12462890492404216
Rule engine (cannot rank),24250,3.5,0.12488640266148854
Rule engine (cannot rank),24300,3.6,0.1251439003989349
Rule engine (cannot rank),24350,3.6,0.12540139813638124
Rule engine (cannot rank),24400,3.6,0.12565889587382764
Rule engine (cannot rank),24450,3.6,0.125916393611274
Rule engine (cannot rank),24500,3.6,0.12617389134872037
Rule engine (cannot rank),24550,3.6,0.12643138908616675
Rule engine (cannot rank),24600,3.6,0.1266888868236131
Rule engine (cannot rank),24650,3.6,0.12694638456105947
Rule engine (cannot rank),24700,3.6,0.12720388229850585
Rule engine (cannot rank),24750,3.6,0.1274613800359522
Rule engine (cannot rank),24800,3.6,0.12771887777339858
Rule engine (cannot rank),24850,3.6,0.12797637551084495
Rule engine (cannot rank),24900,3.6,0.1282338732482913
Rule engine (cannot rank),24950,3.6,0.12849137098573768
Rule engine (cannot rank),25000,3.7,0.12874886872318406
